3828278490.109,0.0,0.0,1.0,1.0,0.0,0.0,1.0,0.0,0.0,0.0
3828278491.109,0.0,0.0,1.0,1.0,0.0,0.0,1.0,0.0,0.0,0.0
3828278492.109,0.0,0.0,1.0,1.0,0.0,0.0,1.0,0.0,0.0,0.0
3828278493.109,0.0,0.0,1.0,1.0,0.0,0.0,1.0,0.0,0.0,0.0
3828278494.109,0.0,0.0,1.0,1.0,0.0,0.0,1.0,0.0,0.0,0.0
3828278495.109,0.0,0.0,1.0,1.0,0.0,0.0,1.0,0.0,0.0,0.0
3828278496.109,0.0,0.0,1.0,1.0,0.0,0.0,1.0,0.0,0.0,0.0
3828278497.109,0.0,0.0,1.0,1.0,0.0,0.0,1.0,0.0,0.0,0.0
3828278498.109,0.0,0.0,1.0,1.0,0.0,0.0,1.0,0.0,0.0,0.0
3828278499.109,0.0,0.0,1.0,1.0,0.0,0.0,1.0,0.0,0.0,0.0
3828278500.123,0.0,0.0,0.0,1.0,0.0,0.0,0.0,0.0,0.0,0.0
3828278501.123,0.0,0.0,0.0,1.0,0.0,0.0,0.0,0.0,0.0,0.0
3828278502.123,0.0,0.0,0.0,1.0,0.0,0.0,0.0,0.0,0.0,0.0
3828278503.123,0.0,0.0,0.0,1.0,0.0,0.0,0.0,0.0,0.0,0.0
3828278504.123,0.0,0.0,0.0,1.0,0.0,0.0,0.0,0.0,0.0,0.0
3828278505.123,0.0,0.0,0.0,1.0,0.0,0.0,0.0,0.0,0.0,0.0
3828278506.123,0.0,0.0,0.0,1.0,0.0,0.0,0.0,0.0,0.0,0.0
3828278507.123,0.0,0.0,0.0,1.0,0.0,0.0,0.0,0.0,0.0,0.0
3828278508.123,0.0,0.0,0.0,1.0,0.0,0.0,0.0,0.0,0.0,0.0
3828278509.123,0.0,0.0,0.0,1.0,0.0,0.0,0.0,0.0,0.0,0.0
3828278510.138,0.0,0.0,0.0,0.0,0.0,0.0,0.0,0.0,0.0,0.0
3828278511.138,0.0,0.0,0.0,0.0,0.0,0.0,0.0,0.0,0.0,0.0
3828278512.138,0.0,0.0,0.0,0.0,0.0,0.0,0.0,0.0,0.0,0.0
3828278513.138,0.0,0.0,0.0,0.0,0.0,0.0,0.0,0.0,0.0,0.0
3828278514.138,0.0,0.0,0.0,0.0,0.0,0.0,0.0,0.0,0.0,0.0
3828278515.138,0.0,0.0,0.0,0.0,0.0,0.0,0.0,0.0,0.0,0.0
3828278516.138,0.0,0.0,0.0,0.0,0.0,0.0,0.0,0.0,0.0,0.0
3828278517.138,0.0,0.0,0.0,0.0,0.0,0.0,0.0,0.0,0.0,0.0
3828278518.138,0.0,0.0,0.0,0.0,0.0,0.0,0.0,0.0,0.0,0.0
3828278519.138,0.0,0.0,0.0,0.0,0.0,0.0,0.0,0.0,0.0,0.0
3828278520.122,0.0,0.0,0.0,0.0,0.0,0.0,0.0,0.0,0.0,0.0
3828278521.122,0.0,0.0,0.0,0.0,0.0,0.0,0.0,0.0,0.0,0.0
3828278522.122,0.0,0.0,0.0,0.0,0.0,0.0,0.0,0.0,0.0,0.0
3828278523.122,0.0,0.0,0.0,0.0,0.0,0.0,0.0,0.0,0.0,0.0
3828278524.122,0.0,0.0,0.0,0.0,0.0,0.0,0.0,0.0,0.0,0.0
3828278525.122,0.0,0.0,0.0,0.0,0.0,0.0,0.0,0.0,0.0,0.0
3828278526.122,0.0,0.0,0.0,0.0,0.0,0.0,0.0,0.0,0.0,0.0
3828278527.122,0.0,0.0,0.0,0.0,0.0,0.0,0.0,0.0,0.0,0.0
3828278528.122,0.0,0.0,0.0,0.0,0.0,0.0,0.0,0.0,0.0,0.0
3828278529.122,0.0,0.0,0.0,0.0,0.0,0.0,0.0,0.0,0.0,0.0
3828278530.105,0.0,0.0,0.0,1.0,0.0,0.0,0.0,0.0,0.0,0.0
3828278531.105,0.0,0.0,0.0,1.0,0.0,0.0,0.0,0.0,0.0,0.0
3828278532.105,0.0,0.0,0.0,1.0,0.0,0.0,0.0,0.0,0.0,0.0
3828278533.105,0.0,0.0,0.0,1.0,0.0,0.0,0.0,0.0,0.0,0.0
3828278534.105,0.0,0.0,0.0,1.0,0.0,0.0,0.0,0.0,0.0,0.0
3828278535.105,0.0,0.0,0.0,1.0,0.0,0.0,0.0,0.0,0.0,0.0
3828278536.105,0.0,0.0,0.0,1.0,0.0,0.0,0.0,0.0,0.0,0.0
3828278537.105,0.0,0.0,0.0,1.0,0.0,0.0,0.0,0.0,0.0,0.0
3828278538.105,0.0,0.0,0.0,1.0,0.0,0.0,0.0,0.0,0.0,0.0
3828278539.105,0.0,0.0,0.0,1.0,0.0,0.0,0.0,0.0,0.0,0.0
3828278540.104,0.0,0.0,0.0,1.0,0.0,0.0,0.0,0.0,0.0,0.0
3828278541.104,0.0,0.0,0.0,1.0,0.0,0.0,0.0,0.0,0.0,0.0
3828278542.104,0.0,0.0,0.0,1.0,0.0,0.0,0.0,0.0,0.0,0.0
3828278543.104,0.0,0.0,0.0,1.0,0.0,0.0,0.0,0.0,0.0,0.0
3828278544.104,0.0,0.0,0.0,1.0,0.0,0.0,0.0,0.0,0.0,0.0
3828278545.104,0.0,0.0,0.0,1.0,0.0,0.0,0.0,0.0,0.0,0.0
3828278546.104,0.0,0.0,0.0,1.0,0.0,0.0,0.0,0.0,0.0,0.0
3828278547.104,0.0,0.0,0.0,1.0,0.0,0.0,0.0,0.0,0.0,0.0
3828278548.104,0.0,0.0,0.0,1.0,0.0,0.0,0.0,0.0,0.0,0.0
3828278549.104,0.0,0.0,0.0,1.0,0.0,0.0,0.0,0.0,0.0,0.0
3828278550.106,0.0,0.0,0.0,1.0,0.0,0.0,0.0,0.0,0.0,0.0
3828278551.106,0.0,0.0,0.0,1.0,0.0,0.0,0.0,0.0,0.0,0.0
3828278552.106,0.0,0.0,0.0,1.0,0.0,0.0,0.0,0.0,0.0,0.0
3828278553.106,0.0,0.0,0.0,1.0,0.0,0.0,0.0,0.0,0.0,0.0
3828278554.106,0.0,0.0,0.0,1.0,0.0,0.0,0.0,0.0,0.0,0.0
3828278555.106,0.0,0.0,0.0,1.0,0.0,0.0,0.0,0.0,0.0,0.0
3828278556.106,0.0,0.0,0.0,1.0,0.0,0.0,0.0,0.0,0.0,0.0
3828278557.106,0.0,0.0,0.0,1.0,0.0,0.0,0.0,0.0,0.0,0.0
3828278558.106,0.0,0.0,0.0,1.0,0.0,0.0,0.0,0.0,0.0,0.0
3828278559.106,0.0,0.0,0.0,1.0,0.0,0.0,0.0,0.0,0.0,0.0
3828278560.122,0.0,0.0,0.0,1.0,0.0,0.0,0.0,0.0,0.0,0.0
3828278561.122,0.0,0.0,0.0,1.0,0.0,0.0,0.0,0.0,0.0,0.0
3828278562.122,0.0,0.0,0.0,1.0,0.0,0.0,0.0,0.0,0.0,0.0
3828278563.122,0.0,0.0,0.0,1.0,0.0,0.0,0.0,0.0,0.0,0.0
3828278564.122,0.0,0.0,0.0,1.0,0.0,0.0,0.0,0.0,0.0,0.0
3828278565.122,0.0,0.0,0.0,1.0,0.0,0.0,0.0,0.0,0.0,0.0
3828278566.122,0.0,0.0,0.0,1.0,0.0,0.0,0.0,0.0,0.0,0.0
3828278567.122,0.0,0.0,0.0,1.0,0.0,0.0,0.0,0.0,0.0,0.0
3828278568.122,0.0,0.0,0.0,1.0,0.0,0.0,0.0,0.0,0.0,0.0
3828278569.122,0.0,0.0,0.0,1.0,0.0,0.0,0.0,0.0,0.0,0.0
3828278570.092,0.0,0.0,0.0,1.0,0.0,0.0,0.0,0.0,0.0,0.0
3828278571.092,0.0,0.0,0.0,1.0,0.0,0.0,0.0,0.0,0.0,0.0
3828278572.092,0.0,0.0,0.0,1.0,0.0,0.0,0.0,0.0,0.0,0.0
3828278573.092,0.0,0.0,0.0,1.0,0.0,0.0,0.0,0.0,0.0,0.0
3828278574.092,0.0,0.0,0.0,1.0,0.0,0.0,0.0,0.0,0.0,0.0
3828278575.092,0.0,0.0,0.0,1.0,0.0,0.0,0.0,0.0,0.0,0.0
3828278576.092,0.0,0.0,0.0,1.0,0.0,0.0,0.0,0.0,0.0,0.0
3828278577.092,0.0,0.0,0.0,1.0,0.0,0.0,0.0,0.0,0.0,0.0
3828278578.092,0.0,0.0,0.0,1.0,0.0,0.0,0.0,0.0,0.0,0.0
3828278579.092,0.0,0.0,0.0,1.0,0.0,0.0,0.0,0.0,0.0,0.0
3828278580.089,0.0,0.0,0.0,1.0,0.0,0.0,0.0,0.0,0.0,0.0
3828278581.089,0.0,0.0,0.0,1.0,0.0,0.0,0.0,0.0,0.0,0.0
3828278582.089,0.0,0.0,0.0,1.0,0.0,0.0,0.0,0.0,0.0,0.0
3828278583.089,0.0,0.0,0.0,1.0,0.0,0.0,0.0,0.0,0.0,0.0
3828278584.089,0.0,0.0,0.0,1.0,0.0,0.0,0.0,0.0,0.0,0.0
3828278585.089,0.0,0.0,0.0,1.0,0.0,0.0,0.0,0.0,0.0,0.0
3828278586.089,0.0,0.0,0.0,1.0,0.0,0.0,0.0,0.0,0.0,0.0
3828278587.089,0.0,0.0,0.0,1.0,0.0,0.0,0.0,0.0,0.0,0.0
3828278588.089,0.0,0.0,0.0,1.0,0.0,0.0,0.0,0.0,0.0,0.0
3828278589.089,0.0,0.0,0.0,1.0,0.0,0.0,0.0,0.0,0.0,0.0
3828278590.03,0.0,0.0,0.0,1.0,0.0,0.0,0.0,0.0,0.0,0.0
3828278591.03,0.0,0.0,0.0,1.0,0.0,0.0,0.0,0.0,0.0,0.0
3828278592.03,0.0,0.0,0.0,1.0,0.0,0.0,0.0,0.0,0.0,0.0
3828278593.03,0.0,0.0,0.0,1.0,0.0,0.0,0.0,0.0,0.0,0.0
3828278594.03,0.0,0.0,0.0,1.0,0.0,0.0,0.0,0.0,0.0,0.0
3828278595.03,0.0,0.0,0.0,1.0,0.0,0.0,0.0,0.0,0.0,0.0
3828278596.03,0.0,0.0,0.0,1.0,0.0,0.0,0.0,0.0,0.0,0.0
3828278597.03,0.0,0.0,0.0,1.0,0.0,0.0,0.0,0.0,0.0,0.0
3828278598.03,0.0,0.0,0.0,1.0,0.0,0.0,0.0,0.0,0.0,0.0
3828278599.03,0.0,0.0,0.0,1.0,0.0,0.0,0.0,0.0,0.0,0.0
3828278599.979,0.0,0.0,0.0,1.0,0.0,0.0,0.0,0.0,0.0,0.0
3828278600.979,0.0,0.0,0.0,1.0,0.0,0.0,0.0,0.0,0.0,0.0
3828278601.979,0.0,0.0,0.0,1.0,0.0,0.0,0.0,0.0,0.0,0.0
3828278602.979,0.0,0.0,0.0,1.0,0.0,0.0,0.0,0.0,0.0,0.0
3828278603.979,0.0,0.0,0.0,1.0,0.0,0.0,0.0,0.0,0.0,0.0
3828278604.979,0.0,0.0,0.0,1.0,0.0,0.0,0.0,0.0,0.0,0.0
3828278605.979,0.0,0.0,0.0,1.0,0.0,0.0,0.0,0.0,0.0,0.0
3828278606.979,0.0,0.0,0.0,1.0,0.0,0.0,0.0,0.0,0.0,0.0
3828278607.979,0.0,0.0,0.0,1.0,0.0,0.0,0.0,0.0,0.0,0.0
3828278608.979,0.0,0.0,0.0,1.0,0.0,0.0,0.0,0.0,0.0,0.0
3828278609.963,0.0,0.0,0.0,0.0,0.0,0.0,0.0,0.0,0.0,0.0
3828278610.963,0.0,0.0,0.0,0.0,0.0,0.0,0.0,0.0,0.0,0.0
3828278611.963,0.0,0.0,0.0,0.0,0.0,0.0,0.0,0.0,0.0,0.0
3828278612.963,0.0,0.0,0.0,0.0,0.0,0.0,0.0,0.0,0.0,0.0
3828278613.963,0.0,0.0,0.0,0.0,0.0,0.0,0.0,0.0,0.0,0.0
3828278614.963,0.0,0.0,0.0,0.0,0.0,0.0,0.0,0.0,0.0,0.0
3828278615.963,0.0,0.0,0.0,0.0,0.0,0.0,0.0,0.0,0.0,0.0
3828278616.963,0.0,0.0,0.0,0.0,0.0,0.0,0.0,0.0,0.0,0.0
3828278617.963,0.0,0.0,0.0,0.0,0.0,0.0,0.0,0.0,0.0,0.0
3828278618.963,0.0,0.0,0.0,0.0,0.0,0.0,0.0,0.0,0.0,0.0
3828278619.981,0.0,0.0,0.0,0.0,0.0,0.0,0.0,0.0,0.0,0.0
3828278620.981,0.0,0.0,0.0,0.0,0.0,0.0,0.0,0.0,0.0,0.0
3828278621.981,0.0,0.0,0.0,0.0,0.0,0.0,0.0,0.0,0.0,0.0
3828278622.981,0.0,0.0,0.0,0.0,0.0,0.0,0.0,0.0,0.0,0.0
3828278623.981,0.0,0.0,0.0,0.0,0.0,0.0,0.0,0.0,0.0,0.0
3828278624.981,0.0,0.0,0.0,0.0,0.0,0.0,0.0,0.0,0.0,0.0
3828278625.981,0.0,0.0,0.0,0.0,0.0,0.0,0.0,0.0,0.0,0.0
3828278626.981,0.0,0.0,0.0,0.0,0.0,0.0,0.0,0.0,0.0,0.0
3828278627.981,0.0,0.0,0.0,0.0,0.0,0.0,0.0,0.0,0.0,0.0
3828278628.981,0.0,0.0,0.0,0.0,0.0,0.0,0.0,0.0,0.0,0.0
3828278629.998,0.0,0.0,0.0,0.0,0.0,0.0,0.0,0.0,0.0,0.0
3828278630.998,0.0,0.0,0.0,0.0,0.0,0.0,0.0,0.0,0.0,0.0
3828278631.998,0.0,0.0,0.0,0.0,0.0,0.0,0.0,0.0,0.0,0.0
3828278632.998,0.0,0.0,0.0,0.0,0.0,0.0,0.0,0.0,0.0,0.0
3828278633.998,0.0,0.0,0.0,0.0,0.0,0.0,0.0,0.0,0.0,0.0
3828278634.998,0.0,0.0,0.0,0.0,0.0,0.0,0.0,0.0,0.0,0.0
3828278635.998,0.0,0.0,0.0,0.0,0.0,0.0,0.0,0.0,0.0,0.0
3828278636.998,0.0,0.0,0.0,0.0,0.0,0.0,0.0,0.0,0.0,0.0
3828278637.998,0.0,0.0,0.0,0.0,0.0,0.0,0.0,0.0,0.0,0.0
3828278638.998,0.0,0.0,0.0,0.0,0.0,0.0,0.0,0.0,0.0,0.0
3828278640.028,0.0,0.0,0.0,0.0,0.0,0.0,0.0,0.0,0.0,0.0
3828278641.028,0.0,0.0,0.0,0.0,0.0,0.0,0.0,0.0,0.0,0.0
3828278642.028,0.0,0.0,0.0,0.0,0.0,0.0,0.0,0.0,0.0,0.0
3828278643.028,0.0,0.0,0.0,0.0,0.0,0.0,0.0,0.0,0.0,0.0
3828278644.028,0.0,0.0,0.0,0.0,0.0,0.0,0.0,0.0,0.0,0.0
3828278645.028,0.0,0.0,0.0,0.0,0.0,0.0,0.0,0.0,0.0,0.0
3828278646.028,0.0,0.0,0.0,0.0,0.0,0.0,0.0,0.0,0.0,0.0
3828278647.028,0.0,0.0,0.0,0.0,0.0,0.0,0.0,0.0,0.0,0.0
3828278648.028,0.0,0.0,0.0,0.0,0.0,0.0,0.0,0.0,0.0,0.0
3828278649.028,0.0,0.0,0.0,0.0,0.0,0.0,0.0,0.0,0.0,0.0
3828278650.057,0.0,0.0,0.0,0.0,0.0,0.0,0.0,0.0,0.0,0.0
3828278651.057,0.0,0.0,0.0,0.0,0.0,0.0,0.0,0.0,0.0,0.0
3828278652.057,0.0,0.0,0.0,0.0,0.0,0.0,0.0,0.0,0.0,0.0
3828278653.057,0.0,0.0,0.0,0.0,0.0,0.0,0.0,0.0,0.0,0.0
3828278654.057,0.0,0.0,0.0,0.0,0.0,0.0,0.0,0.0,0.0,0.0
3828278655.057,0.0,0.0,0.0,0.0,0.0,0.0,0.0,0.0,0.0,0.0
3828278656.057,0.0,0.0,0.0,0.0,0.0,0.0,0.0,0.0,0.0,0.0
3828278657.057,0.0,0.0,0.0,0.0,0.0,0.0,0.0,0.0,0.0,0.0
3828278658.057,0.0,0.0,0.0,0.0,0.0,0.0,0.0,0.0,0.0,0.0
3828278659.057,0.0,0.0,0.0,0.0,0.0,0.0,0.0,0.0,0.0,0.0
3828278660.0,0.0,0.0,0.0,0.0,0.0,0.0,0.0,0.0,0.0,0.0
3828278661.0,0.0,0.0,0.0,0.0,0.0,0.0,0.0,0.0,0.0,0.0
3828278662.0,0.0,0.0,0.0,0.0,0.0,0.0,0.0,0.0,0.0,0.0
3828278663.0,0.0,0.0,0.0,0.0,0.0,0.0,0.0,0.0,0.0,0.0
3828278664.0,0.0,0.0,0.0,0.0,0.0,0.0,0.0,0.0,0.0,0.0
3828278665.0,0.0,0.0,0.0,0.0,0.0,0.0,0.0,0.0,0.0,0.0
3828278666.0,0.0,0.0,0.0,0.0,0.0,0.0,0.0,0.0,0.0,0.0
3828278667.0,0.0,0.0,0.0,0.0,0.0,0.0,0.0,0.0,0.0,0.0
3828278668.0,0.0,0.0,0.0,0.0,0.0,0.0,0.0,0.0,0.0,0.0
3828278669.0,0.0,0.0,0.0,0.0,0.0,0.0,0.0,0.0,0.0,0.0
3828278670.028,0.0,0.0,0.0,0.0,0.0,0.0,0.0,0.0,0.0,0.0
3828278671.028,0.0,0.0,0.0,0.0,0.0,0.0,0.0,0.0,0.0,0.0
3828278672.028,0.0,0.0,0.0,0.0,0.0,0.0,0.0,0.0,0.0,0.0
3828278673.028,0.0,0.0,0.0,0.0,0.0,0.0,0.0,0.0,0.0,0.0
3828278674.028,0.0,0.0,0.0,0.0,0.0,0.0,0.0,0.0,0.0,0.0
3828278675.028,0.0,0.0,0.0,0.0,0.0,0.0,0.0,0.0,0.0,0.0
3828278676.028,0.0,0.0,0.0,0.0,0.0,0.0,0.0,0.0,0.0,0.0
3828278677.028,0.0,0.0,0.0,0.0,0.0,0.0,0.0,0.0,0.0,0.0
3828278678.028,0.0,0.0,0.0,0.0,0.0,0.0,0.0,0.0,0.0,0.0
3828278679.028,0.0,0.0,0.0,0.0,0.0,0.0,0.0,0.0,0.0,0.0
3828278679.978,0.0,0.0,0.0,0.0,0.0,0.0,0.0,0.0,0.0,0.0
3828278680.978,0.0,0.0,0.0,0.0,0.0,0.0,0.0,0.0,0.0,0.0
3828278681.978,0.0,0.0,0.0,0.0,0.0,0.0,0.0,0.0,0.0,0.0
3828278682.978,0.0,0.0,0.0,0.0,0.0,0.0,0.0,0.0,0.0,0.0
3828278683.978,0.0,0.0,0.0,0.0,0.0,0.0,0.0,0.0,0.0,0.0
3828278684.978,0.0,0.0,0.0,0.0,0.0,0.0,0.0,0.0,0.0,0.0
3828278685.978,0.0,0.0,0.0,0.0,0.0,0.0,0.0,0.0,0.0,0.0
3828278686.978,0.0,0.0,0.0,0.0,0.0,0.0,0.0,0.0,0.0,0.0
3828278687.978,0.0,0.0,0.0,0.0,0.0,0.0,0.0,0.0,0.0,0.0
3828278688.978,0.0,0.0,0.0,0.0,0.0,0.0,0.0,0.0,0.0,0.0
3828278689.998,0.0,0.0,0.0,0.0,0.0,0.0,0.0,0.0,0.0,0.0
3828278690.998,0.0,0.0,0.0,0.0,0.0,0.0,0.0,0.0,0.0,0.0
3828278691.998,0.0,0.0,0.0,0.0,0.0,0.0,0.0,0.0,0.0,0.0
3828278692.998,0.0,0.0,0.0,0.0,0.0,0.0,0.0,0.0,0.0,0.0
3828278693.998,0.0,0.0,0.0,0.0,0.0,0.0,0.0,0.0,0.0,0.0
3828278694.998,0.0,0.0,0.0,0.0,0.0,0.0,0.0,0.0,0.0,0.0
3828278695.998,0.0,0.0,0.0,0.0,0.0,0.0,0.0,0.0,0.0,0.0
3828278696.998,0.0,0.0,0.0,0.0,0.0,0.0,0.0,0.0,0.0,0.0
3828278697.998,0.0,0.0,0.0,0.0,0.0,0.0,0.0,0.0,0.0,0.0
3828278698.998,0.0,0.0,0.0,0.0,0.0,0.0,0.0,0.0,0.0,0.0
3828278699.999,0.0,0.0,0.0,0.0,0.0,0.0,0.0,0.0,0.0,0.0
3828278700.999,0.0,0.0,0.0,0.0,0.0,0.0,0.0,0.0,0.0,0.0
3828278701.999,0.0,0.0,0.0,0.0,0.0,0.0,0.0,0.0,0.0,0.0
3828278702.999,0.0,0.0,0.0,0.0,0.0,0.0,0.0,0.0,0.0,0.0
3828278703.999,0.0,0.0,0.0,0.0,0.0,0.0,0.0,0.0,0.0,0.0
3828278704.999,0.0,0.0,0.0,0.0,0.0,0.0,0.0,0.0,0.0,0.0
3828278705.999,0.0,0.0,0.0,0.0,0.0,0.0,0.0,0.0,0.0,0.0
3828278706.999,0.0,0.0,0.0,0.0,0.0,0.0,0.0,0.0,0.0,0.0
3828278707.999,0.0,0.0,0.0,0.0,0.0,0.0,0.0,0.0,0.0,0.0
3828278708.999,0.0,0.0,0.0,0.0,0.0,0.0,0.0,0.0,0.0,0.0
3828278709.999,0.0,0.0,0.0,0.0,0.0,0.0,0.0,0.0,0.0,0.0
3828278710.999,0.0,0.0,0.0,0.0,0.0,0.0,0.0,0.0,0.0,0.0
3828278711.999,0.0,0.0,0.0,0.0,0.0,0.0,0.0,0.0,0.0,0.0
3828278712.999,0.0,0.0,0.0,0.0,0.0,0.0,0.0,0.0,0.0,0.0
3828278713.999,0.0,0.0,0.0,0.0,0.0,0.0,0.0,0.0,0.0,0.0
3828278714.999,0.0,0.0,0.0,0.0,0.0,0.0,0.0,0.0,0.0,0.0
3828278715.999,0.0,0.0,0.0,0.0,0.0,0.0,0.0,0.0,0.0,0.0
3828278716.999,0.0,0.0,0.0,0.0,0.0,0.0,0.0,0.0,0.0,0.0
3828278717.999,0.0,0.0,0.0,0.0,0.0,0.0,0.0,0.0,0.0,0.0
3828278718.999,0.0,0.0,0.0,0.0,0.0,0.0,0.0,0.0,0.0,0.0
3828278719.951,0.0,0.0,0.0,0.0,0.0,0.0,0.0,0.0,0.0,0.0
3828278720.951,0.0,0.0,0.0,0.0,0.0,0.0,0.0,0.0,0.0,0.0
3828278721.951,0.0,0.0,0.0,0.0,0.0,0.0,0.0,0.0,0.0,0.0
3828278722.951,0.0,0.0,0.0,0.0,0.0,0.0,0.0,0.0,0.0,0.0
3828278723.951,0.0,0.0,0.0,0.0,0.0,0.0,0.0,0.0,0.0,0.0
3828278724.951,0.0,0.0,0.0,0.0,0.0,0.0,0.0,0.0,0.0,0.0
3828278725.951,0.0,0.0,0.0,0.0,0.0,0.0,0.0,0.0,0.0,0.0
3828278726.951,0.0,0.0,0.0,0.0,0.0,0.0,0.0,0.0,0.0,0.0
3828278727.951,0.0,0.0,0.0,0.0,0.0,0.0,0.0,0.0,0.0,0.0
3828278728.951,0.0,0.0,0.0,0.0,0.0,0.0,0.0,0.0,0.0,0.0
3828278729.92,0.0,0.0,0.0,0.0,0.0,0.0,0.0,0.0,0.0,0.0
3828278730.92,0.0,0.0,0.0,0.0,0.0,0.0,0.0,0.0,0.0,0.0
3828278731.92,0.0,0.0,0.0,0.0,0.0,0.0,0.0,0.0,0.0,0.0
3828278732.92,0.0,0.0,0.0,0.0,0.0,0.0,0.0,0.0,0.0,0.0
3828278733.92,0.0,0.0,0.0,0.0,0.0,0.0,0.0,0.0,0.0,0.0
3828278734.92,0.0,0.0,0.0,0.0,0.0,0.0,0.0,0.0,0.0,0.0
3828278735.92,0.0,0.0,0.0,0.0,0.0,0.0,0.0,0.0,0.0,0.0
3828278736.92,0.0,0.0,0.0,0.0,0.0,0.0,0.0,0.0,0.0,0.0
3828278737.92,0.0,0.0,0.0,0.0,0.0,0.0,0.0,0.0,0.0,0.0
3828278738.92,0.0,0.0,0.0,0.0,0.0,0.0,0.0,0.0,0.0,0.0
3828278739.917,0.0,0.0,0.0,0.0,0.0,0.0,0.0,0.0,0.0,0.0
3828278740.917,0.0,0.0,0.0,0.0,0.0,0.0,0.0,0.0,0.0,0.0
3828278741.917,0.0,0.0,0.0,0.0,0.0,0.0,0.0,0.0,0.0,0.0
3828278742.917,0.0,0.0,0.0,0.0,0.0,0.0,0.0,0.0,0.0,0.0
3828278743.917,0.0,0.0,0.0,0.0,0.0,0.0,0.0,0.0,0.0,0.0
3828278744.917,0.0,0.0,0.0,0.0,0.0,0.0,0.0,0.0,0.0,0.0
3828278745.917,0.0,0.0,0.0,0.0,0.0,0.0,0.0,0.0,0.0,0.0
3828278746.917,0.0,0.0,0.0,0.0,0.0,0.0,0.0,0.0,0.0,0.0
3828278747.917,0.0,0.0,0.0,0.0,0.0,0.0,0.0,0.0,0.0,0.0
3828278748.917,0.0,0.0,0.0,0.0,0.0,0.0,0.0,0.0,0.0,0.0
3828278749.89,0.0,0.0,0.0,0.0,0.0,0.0,0.0,0.0,0.0,0.0
3828278750.89,0.0,0.0,0.0,0.0,0.0,0.0,0.0,0.0,0.0,0.0
3828278751.89,0.0,0.0,0.0,0.0,0.0,0.0,0.0,0.0,0.0,0.0
3828278752.89,0.0,0.0,0.0,0.0,0.0,0.0,0.0,0.0,0.0,0.0
3828278753.89,0.0,0.0,0.0,0.0,0.0,0.0,0.0,0.0,0.0,0.0
3828278754.89,0.0,0.0,0.0,0.0,0.0,0.0,0.0,0.0,0.0,0.0
3828278755.89,0.0,0.0,0.0,0.0,0.0,0.0,0.0,0.0,0.0,0.0
3828278756.89,0.0,0.0,0.0,0.0,0.0,0.0,0.0,0.0,0.0,0.0
3828278757.89,0.0,0.0,0.0,0.0,0.0,0.0,0.0,0.0,0.0,0.0
3828278758.89,0.0,0.0,0.0,0.0,0.0,0.0,0.0,0.0,0.0,0.0
3828278759.89,0.0,0.0,0.0,0.0,0.0,0.0,0.0,0.0,0.0,0.0
3828278760.89,0.0,0.0,0.0,0.0,0.0,0.0,0.0,0.0,0.0,0.0
3828278761.89,0.0,0.0,0.0,0.0,0.0,0.0,0.0,0.0,0.0,0.0
3828278762.89,0.0,0.0,0.0,0.0,0.0,0.0,0.0,0.0,0.0,0.0
3828278763.89,0.0,0.0,0.0,0.0,0.0,0.0,0.0,0.0,0.0,0.0
3828278764.89,0.0,0.0,0.0,0.0,0.0,0.0,0.0,0.0,0.0,0.0
3828278765.89,0.0,0.0,0.0,0.0,0.0,0.0,0.0,0.0,0.0,0.0
3828278766.89,0.0,0.0,0.0,0.0,0.0,0.0,0.0,0.0,0.0,0.0
3828278767.89,0.0,0.0,0.0,0.0,0.0,0.0,0.0,0.0,0.0,0.0
3828278768.89,0.0,0.0,0.0,0.0,0.0,0.0,0.0,0.0,0.0,0.0
3828278769.87,0.0,0.0,0.0,0.0,0.0,0.0,0.0,0.0,0.0,0.0
3828278770.87,0.0,0.0,0.0,0.0,0.0,0.0,0.0,0.0,0.0,0.0
3828278771.87,0.0,0.0,0.0,0.0,0.0,0.0,0.0,0.0,0.0,0.0
3828278772.87,0.0,0.0,0.0,0.0,0.0,0.0,0.0,0.0,0.0,0.0
3828278773.87,0.0,0.0,0.0,0.0,0.0,0.0,0.0,0.0,0.0,0.0
3828278774.87,0.0,0.0,0.0,0.0,0.0,0.0,0.0,0.0,0.0,0.0
3828278775.87,0.0,0.0,0.0,0.0,0.0,0.0,0.0,0.0,0.0,0.0
3828278776.87,0.0,0.0,0.0,0.0,0.0,0.0,0.0,0.0,0.0,0.0
3828278777.87,0.0,0.0,0.0,0.0,0.0,0.0,0.0,0.0,0.0,0.0
3828278778.87,0.0,0.0,0.0,0.0,0.0,0.0,0.0,0.0,0.0,0.0
3828278779.807,0.0,0.0,0.0,0.0,0.0,0.0,0.0,0.0,0.0,0.0
3828278780.807,0.0,0.0,0.0,0.0,0.0,0.0,0.0,0.0,0.0,0.0
3828278781.807,0.0,0.0,0.0,0.0,0.0,0.0,0.0,0.0,0.0,0.0
3828278782.807,0.0,0.0,0.0,0.0,0.0,0.0,0.0,0.0,0.0,0.0
3828278783.807,0.0,0.0,0.0,0.0,0.0,0.0,0.0,0.0,0.0,0.0
3828278784.807,0.0,0.0,0.0,0.0,0.0,0.0,0.0,0.0,0.0,0.0
3828278785.807,0.0,0.0,0.0,0.0,0.0,0.0,0.0,0.0,0.0,0.0
3828278786.807,0.0,0.0,0.0,0.0,0.0,0.0,0.0,0.0,0.0,0.0
3828278787.807,0.0,0.0,0.0,0.0,0.0,0.0,0.0,0.0,0.0,0.0
3828278788.807,0.0,0.0,0.0,0.0,0.0,0.0,0.0,0.0,0.0,0.0
3828278789.826,0.0,0.0,0.0,0.0,0.0,0.0,0.0,0.0,0.0,0.0
3828278790.826,0.0,0.0,0.0,0.0,0.0,0.0,0.0,0.0,0.0,0.0
3828278791.826,0.0,0.0,0.0,0.0,0.0,0.0,0.0,0.0,0.0,0.0
3828278792.826,0.0,0.0,0.0,0.0,0.0,0.0,0.0,0.0,0.0,0.0
3828278793.826,0.0,0.0,0.0,0.0,0.0,0.0,0.0,0.0,0.0,0.0
3828278794.826,0.0,0.0,0.0,0.0,0.0,0.0,0.0,0.0,0.0,0.0
3828278795.826,0.0,0.0,0.0,0.0,0.0,0.0,0.0,0.0,0.0,0.0
3828278796.826,0.0,0.0,0.0,0.0,0.0,0.0,0.0,0.0,0.0,0.0
3828278797.826,0.0,0.0,0.0,0.0,0.0,0.0,0.0,0.0,0.0,0.0
3828278798.826,0.0,0.0,0.0,0.0,0.0,0.0,0.0,0.0,0.0,0.0
3828278799.825,0.0,0.0,0.0,0.0,0.0,0.0,0.0,0.0,0.0,0.0
3828278800.825,0.0,0.0,0.0,0.0,0.0,0.0,0.0,0.0,0.0,0.0
3828278801.825,0.0,0.0,0.0,0.0,0.0,0.0,0.0,0.0,0.0,0.0
3828278802.825,0.0,0.0,0.0,0.0,0.0,0.0,0.0,0.0,0.0,0.0
3828278803.825,0.0,0.0,0.0,0.0,0.0,0.0,0.0,0.0,0.0,0.0
3828278804.825,0.0,0.0,0.0,0.0,0.0,0.0,0.0,0.0,0.0,0.0
3828278805.825,0.0,0.0,0.0,0.0,0.0,0.0,0.0,0.0,0.0,0.0
3828278806.825,0.0,0.0,0.0,0.0,0.0,0.0,0.0,0.0,0.0,0.0
3828278807.825,0.0,0.0,0.0,0.0,0.0,0.0,0.0,0.0,0.0,0.0
3828278808.825,0.0,0.0,0.0,0.0,0.0,0.0,0.0,0.0,0.0,0.0
3828278809.826,0.0,0.0,0.0,0.0,0.0,0.0,0.0,0.0,0.0,0.0
3828278810.826,0.0,0.0,0.0,0.0,0.0,0.0,0.0,0.0,0.0,0.0
3828278811.826,0.0,0.0,0.0,0.0,0.0,0.0,0.0,0.0,0.0,0.0
3828278812.826,0.0,0.0,0.0,0.0,0.0,0.0,0.0,0.0,0.0,0.0
3828278813.826,0.0,0.0,0.0,0.0,0.0,0.0,0.0,0.0,0.0,0.0
3828278814.826,0.0,0.0,0.0,0.0,0.0,0.0,0.0,0.0,0.0,0.0
3828278815.826,0.0,0.0,0.0,0.0,0.0,0.0,0.0,0.0,0.0,0.0
3828278816.826,0.0,0.0,0.0,0.0,0.0,0.0,0.0,0.0,0.0,0.0
3828278817.826,0.0,0.0,0.0,0.0,0.0,0.0,0.0,0.0,0.0,0.0
3828278818.826,0.0,0.0,0.0,0.0,0.0,0.0,0.0,0.0,0.0,0.0
3828278819.859,0.0,0.0,0.0,0.0,0.0,0.0,0.0,0.0,0.0,0.0
3828278820.859,0.0,0.0,0.0,0.0,0.0,0.0,0.0,0.0,0.0,0.0
3828278821.859,0.0,0.0,0.0,0.0,0.0,0.0,0.0,0.0,0.0,0.0
3828278822.859,0.0,0.0,0.0,0.0,0.0,0.0,0.0,0.0,0.0,0.0
3828278823.859,0.0,0.0,0.0,0.0,0.0,0.0,0.0,0.0,0.0,0.0
3828278824.859,0.0,0.0,0.0,0.0,0.0,0.0,0.0,0.0,0.0,0.0
3828278825.859,0.0,0.0,0.0,0.0,0.0,0.0,0.0,0.0,0.0,0.0
3828278826.859,0.0,0.0,0.0,0.0,0.0,0.0,0.0,0.0,0.0,0.0
3828278827.859,0.0,0.0,0.0,0.0,0.0,0.0,0.0,0.0,0.0,0.0
3828278828.859,0.0,0.0,0.0,0.0,0.0,0.0,0.0,0.0,0.0,0.0
3828278829.856,0.0,0.0,0.0,0.0,0.0,0.0,0.0,0.0,0.0,0.0
3828278830.856,0.0,0.0,0.0,0.0,0.0,0.0,0.0,0.0,0.0,0.0
3828278831.856,0.0,0.0,0.0,0.0,0.0,0.0,0.0,0.0,0.0,0.0
3828278832.856,0.0,0.0,0.0,0.0,0.0,0.0,0.0,0.0,0.0,0.0
3828278833.856,0.0,0.0,0.0,0.0,0.0,0.0,0.0,0.0,0.0,0.0
3828278834.856,0.0,0.0,0.0,0.0,0.0,0.0,0.0,0.0,0.0,0.0
3828278835.856,0.0,0.0,0.0,0.0,0.0,0.0,0.0,0.0,0.0,0.0
3828278836.856,0.0,0.0,0.0,0.0,0.0,0.0,0.0,0.0,0.0,0.0
3828278837.856,0.0,0.0,0.0,0.0,0.0,0.0,0.0,0.0,0.0,0.0
3828278838.856,0.0,0.0,0.0,0.0,0.0,0.0,0.0,0.0,0.0,0.0
3828278839.84,0.0,0.0,0.0,0.0,0.0,0.0,1.0,0.0,0.0,0.0
3828278840.84,0.0,0.0,0.0,0.0,0.0,0.0,1.0,0.0,0.0,0.0
3828278841.84,0.0,0.0,0.0,0.0,0.0,0.0,1.0,0.0,0.0,0.0
3828278842.84,0.0,0.0,0.0,0.0,0.0,0.0,1.0,0.0,0.0,0.0
3828278843.84,0.0,0.0,0.0,0.0,0.0,0.0,1.0,0.0,0.0,0.0
3828278844.84,0.0,0.0,0.0,0.0,0.0,0.0,1.0,0.0,0.0,0.0
3828278845.84,0.0,0.0,0.0,0.0,0.0,0.0,1.0,0.0,0.0,0.0
3828278846.84,0.0,0.0,0.0,0.0,0.0,0.0,1.0,0.0,0.0,0.0
3828278847.84,0.0,0.0,0.0,0.0,0.0,0.0,1.0,0.0,0.0,0.0
3828278848.84,0.0,0.0,0.0,0.0,0.0,0.0,1.0,0.0,0.0,0.0
3828278849.856,0.0,0.0,0.0,0.0,0.0,0.0,1.0,0.0,0.0,0.0
3828278850.856,0.0,0.0,0.0,0.0,0.0,0.0,1.0,0.0,0.0,0.0
3828278851.856,0.0,0.0,0.0,0.0,0.0,0.0,1.0,0.0,0.0,0.0
3828278852.856,0.0,0.0,0.0,0.0,0.0,0.0,1.0,0.0,0.0,0.0
3828278853.856,0.0,0.0,0.0,0.0,0.0,0.0,1.0,0.0,0.0,0.0
3828278854.856,0.0,0.0,0.0,0.0,0.0,0.0,1.0,0.0,0.0,0.0
3828278855.856,0.0,0.0,0.0,0.0,0.0,0.0,1.0,0.0,0.0,0.0
3828278856.856,0.0,0.0,0.0,0.0,0.0,0.0,1.0,0.0,0.0,0.0
3828278857.856,0.0,0.0,0.0,0.0,0.0,0.0,1.0,0.0,0.0,0.0
3828278858.856,0.0,0.0,0.0,0.0,0.0,0.0,1.0,0.0,0.0,0.0
3828278859.821,0.0,0.0,0.0,0.0,0.0,0.0,1.0,0.0,0.0,1.0
3828278860.821,0.0,0.0,0.0,0.0,0.0,0.0,1.0,0.0,0.0,1.0
3828278861.821,0.0,0.0,0.0,0.0,0.0,0.0,1.0,0.0,0.0,1.0
3828278862.821,0.0,0.0,0.0,0.0,0.0,0.0,1.0,0.0,0.0,1.0
3828278863.821,0.0,0.0,0.0,0.0,0.0,0.0,1.0,0.0,0.0,1.0
3828278864.821,0.0,0.0,0.0,0.0,0.0,0.0,1.0,0.0,0.0,1.0
3828278865.821,0.0,0.0,0.0,0.0,0.0,0.0,1.0,0.0,0.0,1.0
3828278866.821,0.0,0.0,0.0,0.0,0.0,0.0,1.0,0.0,0.0,1.0
3828278867.821,0.0,0.0,0.0,0.0,0.0,0.0,1.0,0.0,0.0,1.0
3828278868.821,0.0,0.0,0.0,0.0,0.0,0.0,1.0,0.0,0.0,1.0
3828278869.808,0.0,0.0,0.0,0.0,0.0,0.0,1.0,0.0,0.0,1.0
3828278870.808,0.0,0.0,0.0,0.0,0.0,0.0,1.0,0.0,0.0,1.0
3828278871.808,0.0,0.0,0.0,0.0,0.0,0.0,1.0,0.0,0.0,1.0
3828278872.808,0.0,0.0,0.0,0.0,0.0,0.0,1.0,0.0,0.0,1.0
3828278873.808,0.0,0.0,0.0,0.0,0.0,0.0,1.0,0.0,0.0,1.0
3828278874.808,0.0,0.0,0.0,0.0,0.0,0.0,1.0,0.0,0.0,1.0
3828278875.808,0.0,0.0,0.0,0.0,0.0,0.0,1.0,0.0,0.0,1.0
3828278876.808,0.0,0.0,0.0,0.0,0.0,0.0,1.0,0.0,0.0,1.0
3828278877.808,0.0,0.0,0.0,0.0,0.0,0.0,1.0,0.0,0.0,1.0
3828278878.808,0.0,0.0,0.0,0.0,0.0,0.0,1.0,0.0,0.0,1.0
3828278879.778,0.0,0.0,0.0,0.0,0.0,1.0,1.0,0.0,1.0,1.0
3828278880.778,0.0,0.0,0.0,0.0,0.0,1.0,1.0,0.0,1.0,1.0
3828278881.778,0.0,0.0,0.0,0.0,0.0,1.0,1.0,0.0,1.0,1.0
3828278882.778,0.0,0.0,0.0,0.0,0.0,1.0,1.0,0.0,1.0,1.0
3828278883.778,0.0,0.0,0.0,0.0,0.0,1.0,1.0,0.0,1.0,1.0
3828278884.778,0.0,0.0,0.0,0.0,0.0,1.0,1.0,0.0,1.0,1.0
3828278885.778,0.0,0.0,0.0,0.0,0.0,1.0,1.0,0.0,1.0,1.0
3828278886.778,0.0,0.0,0.0,0.0,0.0,1.0,1.0,0.0,1.0,1.0
3828278887.778,0.0,0.0,0.0,0.0,0.0,1.0,1.0,0.0,1.0,1.0
3828278888.778,0.0,0.0,0.0,0.0,0.0,1.0,1.0,0.0,1.0,1.0
3828278889.807,0.0,0.0,0.0,0.0,0.0,1.0,1.0,0.0,1.0,1.0
3828278890.807,0.0,0.0,0.0,0.0,0.0,1.0,1.0,0.0,1.0,1.0
3828278891.807,0.0,0.0,0.0,0.0,0.0,1.0,1.0,0.0,1.0,1.0
3828278892.807,0.0,0.0,0.0,0.0,0.0,1.0,1.0,0.0,1.0,1.0
3828278893.807,0.0,0.0,0.0,0.0,0.0,1.0,1.0,0.0,1.0,1.0
3828278894.807,0.0,0.0,0.0,0.0,0.0,1.0,1.0,0.0,1.0,1.0
3828278895.807,0.0,0.0,0.0,0.0,0.0,1.0,1.0,0.0,1.0,1.0
3828278896.807,0.0,0.0,0.0,0.0,0.0,1.0,1.0,0.0,1.0,1.0
3828278897.807,0.0,0.0,0.0,0.0,0.0,1.0,1.0,0.0,1.0,1.0
3828278898.807,0.0,0.0,0.0,0.0,0.0,1.0,1.0,0.0,1.0,1.0
3828278899.763,0.0,0.0,0.0,0.0,1.0,1.0,1.0,0.0,1.0,1.0
3828278900.763,0.0,0.0,0.0,0.0,1.0,1.0,1.0,0.0,1.0,1.0
3828278901.763,0.0,0.0,0.0,0.0,1.0,1.0,1.0,0.0,1.0,1.0
3828278902.763,0.0,0.0,0.0,0.0,1.0,1.0,1.0,0.0,1.0,1.0
3828278903.763,0.0,0.0,0.0,0.0,1.0,1.0,1.0,0.0,1.0,1.0
3828278904.763,0.0,0.0,0.0,0.0,1.0,1.0,1.0,0.0,1.0,1.0
3828278905.763,0.0,0.0,0.0,0.0,1.0,1.0,1.0,0.0,1.0,1.0
3828278906.763,0.0,0.0,0.0,0.0,1.0,1.0,1.0,0.0,1.0,1.0
3828278907.763,0.0,0.0,0.0,0.0,1.0,1.0,1.0,0.0,1.0,1.0
3828278908.763,0.0,0.0,0.0,0.0,1.0,1.0,1.0,0.0,1.0,1.0
3828278909.778,0.0,0.0,0.0,0.0,1.0,1.0,1.0,0.0,1.0,1.0
3828278910.778,0.0,0.0,0.0,0.0,1.0,1.0,1.0,0.0,1.0,1.0
3828278911.778,0.0,0.0,0.0,0.0,1.0,1.0,1.0,0.0,1.0,1.0
3828278912.778,0.0,0.0,0.0,0.0,1.0,1.0,1.0,0.0,1.0,1.0
3828278913.778,0.0,0.0,0.0,0.0,1.0,1.0,1.0,0.0,1.0,1.0
3828278914.778,0.0,0.0,0.0,0.0,1.0,1.0,1.0,0.0,1.0,1.0
3828278915.778,0.0,0.0,0.0,0.0,1.0,1.0,1.0,0.0,1.0,1.0
3828278916.778,0.0,0.0,0.0,0.0,1.0,1.0,1.0,0.0,1.0,1.0
3828278917.778,0.0,0.0,0.0,0.0,1.0,1.0,1.0,0.0,1.0,1.0
3828278918.778,0.0,0.0,0.0,0.0,1.0,1.0,1.0,0.0,1.0,1.0
3828278919.744,0.0,0.0,0.0,0.0,1.0,1.0,1.0,0.0,1.0,1.0
3828278920.744,0.0,0.0,0.0,0.0,1.0,1.0,1.0,0.0,1.0,1.0
3828278921.744,0.0,0.0,0.0,0.0,1.0,1.0,1.0,0.0,1.0,1.0
3828278922.744,0.0,0.0,0.0,0.0,1.0,1.0,1.0,0.0,1.0,1.0
3828278923.744,0.0,0.0,0.0,0.0,1.0,1.0,1.0,0.0,1.0,1.0
3828278924.744,0.0,0.0,0.0,0.0,1.0,1.0,1.0,0.0,1.0,1.0
3828278925.744,0.0,0.0,0.0,0.0,1.0,1.0,1.0,0.0,1.0,1.0
3828278926.744,0.0,0.0,0.0,0.0,1.0,1.0,1.0,0.0,1.0,1.0
3828278927.744,0.0,0.0,0.0,0.0,1.0,1.0,1.0,0.0,1.0,1.0
3828278928.744,0.0,0.0,0.0,0.0,1.0,1.0,1.0,0.0,1.0,1.0
3828278929.761,0.0,0.0,0.0,0.0,1.0,1.0,1.0,0.0,1.0,1.0
3828278930.761,0.0,0.0,0.0,0.0,1.0,1.0,1.0,0.0,1.0,1.0
3828278931.761,0.0,0.0,0.0,0.0,1.0,1.0,1.0,0.0,1.0,1.0
3828278932.761,0.0,0.0,0.0,0.0,1.0,1.0,1.0,0.0,1.0,1.0
3828278933.761,0.0,0.0,0.0,0.0,1.0,1.0,1.0,0.0,1.0,1.0
3828278934.761,0.0,0.0,0.0,0.0,1.0,1.0,1.0,0.0,1.0,1.0
3828278935.761,0.0,0.0,0.0,0.0,1.0,1.0,1.0,0.0,1.0,1.0
3828278936.761,0.0,0.0,0.0,0.0,1.0,1.0,1.0,0.0,1.0,1.0
3828278937.761,0.0,0.0,0.0,0.0,1.0,1.0,1.0,0.0,1.0,1.0
3828278938.761,0.0,0.0,0.0,0.0,1.0,1.0,1.0,0.0,1.0,1.0
3828278939.792,0.0,0.0,0.0,0.0,1.0,1.0,1.0,0.0,1.0,1.0
3828278940.792,0.0,0.0,0.0,0.0,1.0,1.0,1.0,0.0,1.0,1.0
3828278941.792,0.0,0.0,0.0,0.0,1.0,1.0,1.0,0.0,1.0,1.0
3828278942.792,0.0,0.0,0.0,0.0,1.0,1.0,1.0,0.0,1.0,1.0
3828278943.792,0.0,0.0,0.0,0.0,1.0,1.0,1.0,0.0,1.0,1.0
3828278944.792,0.0,0.0,0.0,0.0,1.0,1.0,1.0,0.0,1.0,1.0
3828278945.792,0.0,0.0,0.0,0.0,1.0,1.0,1.0,0.0,1.0,1.0
3828278946.792,0.0,0.0,0.0,0.0,1.0,1.0,1.0,0.0,1.0,1.0
3828278947.792,0.0,0.0,0.0,0.0,1.0,1.0,1.0,0.0,1.0,1.0
3828278948.792,0.0,0.0,0.0,0.0,1.0,1.0,1.0,0.0,1.0,1.0
3828278949.807,0.0,0.0,0.0,0.0,1.0,1.0,1.0,0.0,1.0,1.0
3828278950.807,0.0,0.0,0.0,0.0,1.0,1.0,1.0,0.0,1.0,1.0
3828278951.807,0.0,0.0,0.0,0.0,1.0,1.0,1.0,0.0,1.0,1.0
3828278952.807,0.0,0.0,0.0,0.0,1.0,1.0,1.0,0.0,1.0,1.0
3828278953.807,0.0,0.0,0.0,0.0,1.0,1.0,1.0,0.0,1.0,1.0
3828278954.807,0.0,0.0,0.0,0.0,1.0,1.0,1.0,0.0,1.0,1.0
3828278955.807,0.0,0.0,0.0,0.0,1.0,1.0,1.0,0.0,1.0,1.0
3828278956.807,0.0,0.0,0.0,0.0,1.0,1.0,1.0,0.0,1.0,1.0
3828278957.807,0.0,0.0,0.0,0.0,1.0,1.0,1.0,0.0,1.0,1.0
3828278958.807,0.0,0.0,0.0,0.0,1.0,1.0,1.0,0.0,1.0,1.0
3828278959.81,0.0,0.0,0.0,0.0,1.0,1.0,1.0,0.0,1.0,1.0
3828278960.81,0.0,0.0,0.0,0.0,1.0,1.0,1.0,0.0,1.0,1.0
3828278961.81,0.0,0.0,0.0,0.0,1.0,1.0,1.0,0.0,1.0,1.0
3828278962.81,0.0,0.0,0.0,0.0,1.0,1.0,1.0,0.0,1.0,1.0
3828278963.81,0.0,0.0,0.0,0.0,1.0,1.0,1.0,0.0,1.0,1.0
3828278964.81,0.0,0.0,0.0,0.0,1.0,1.0,1.0,0.0,1.0,1.0
3828278965.81,0.0,0.0,0.0,0.0,1.0,1.0,1.0,0.0,1.0,1.0
3828278966.81,0.0,0.0,0.0,0.0,1.0,1.0,1.0,0.0,1.0,1.0
3828278967.81,0.0,0.0,0.0,0.0,1.0,1.0,1.0,0.0,1.0,1.0
3828278968.81,0.0,0.0,0.0,0.0,1.0,1.0,1.0,0.0,1.0,1.0
3828278969.796,0.0,0.0,0.0,0.0,1.0,1.0,1.0,0.0,1.0,1.0
3828278970.796,0.0,0.0,0.0,0.0,1.0,1.0,1.0,0.0,1.0,1.0
3828278971.796,0.0,0.0,0.0,0.0,1.0,1.0,1.0,0.0,1.0,1.0
3828278972.796,0.0,0.0,0.0,0.0,1.0,1.0,1.0,0.0,1.0,1.0
3828278973.796,0.0,0.0,0.0,0.0,1.0,1.0,1.0,0.0,1.0,1.0
3828278974.796,0.0,0.0,0.0,0.0,1.0,1.0,1.0,0.0,1.0,1.0
3828278975.796,0.0,0.0,0.0,0.0,1.0,1.0,1.0,0.0,1.0,1.0
3828278976.796,0.0,0.0,0.0,0.0,1.0,1.0,1.0,0.0,1.0,1.0
3828278977.796,0.0,0.0,0.0,0.0,1.0,1.0,1.0,0.0,1.0,1.0
3828278978.796,0.0,0.0,0.0,0.0,1.0,1.0,1.0,0.0,1.0,1.0
3828278979.779,0.0,0.0,0.0,0.0,1.0,1.0,1.0,0.0,1.0,1.0
3828278980.779,0.0,0.0,0.0,0.0,1.0,1.0,1.0,0.0,1.0,1.0
3828278981.779,0.0,0.0,0.0,0.0,1.0,1.0,1.0,0.0,1.0,1.0
3828278982.779,0.0,0.0,0.0,0.0,1.0,1.0,1.0,0.0,1.0,1.0
3828278983.779,0.0,0.0,0.0,0.0,1.0,1.0,1.0,0.0,1.0,1.0
3828278984.779,0.0,0.0,0.0,0.0,1.0,1.0,1.0,0.0,1.0,1.0
3828278985.779,0.0,0.0,0.0,0.0,1.0,1.0,1.0,0.0,1.0,1.0
3828278986.779,0.0,0.0,0.0,0.0,1.0,1.0,1.0,0.0,1.0,1.0
3828278987.779,0.0,0.0,0.0,0.0,1.0,1.0,1.0,0.0,1.0,1.0
3828278988.779,0.0,0.0,0.0,0.0,1.0,1.0,1.0,0.0,1.0,1.0
3828278989.794,0.0,0.0,0.0,0.0,1.0,1.0,1.0,0.0,1.0,1.0
3828278990.794,0.0,0.0,0.0,0.0,1.0,1.0,1.0,0.0,1.0,1.0
3828278991.794,0.0,0.0,0.0,0.0,1.0,1.0,1.0,0.0,1.0,1.0
3828278992.794,0.0,0.0,0.0,0.0,1.0,1.0,1.0,0.0,1.0,1.0
3828278993.794,0.0,0.0,0.0,0.0,1.0,1.0,1.0,0.0,1.0,1.0
3828278994.794,0.0,0.0,0.0,0.0,1.0,1.0,1.0,0.0,1.0,1.0
3828278995.794,0.0,0.0,0.0,0.0,1.0,1.0,1.0,0.0,1.0,1.0
3828278996.794,0.0,0.0,0.0,0.0,1.0,1.0,1.0,0.0,1.0,1.0
3828278997.794,0.0,0.0,0.0,0.0,1.0,1.0,1.0,0.0,1.0,1.0
3828278998.794,0.0,0.0,0.0,0.0,1.0,1.0,1.0,0.0,1.0,1.0
3828278999.807,0.0,0.0,0.0,0.0,1.0,1.0,1.0,0.0,1.0,1.0
3828279000.807,0.0,0.0,0.0,0.0,1.0,1.0,1.0,0.0,1.0,1.0
3828279001.807,0.0,0.0,0.0,0.0,1.0,1.0,1.0,0.0,1.0,1.0
3828279002.807,0.0,0.0,0.0,0.0,1.0,1.0,1.0,0.0,1.0,1.0
3828279003.807,0.0,0.0,0.0,0.0,1.0,1.0,1.0,0.0,1.0,1.0
3828279004.807,0.0,0.0,0.0,0.0,1.0,1.0,1.0,0.0,1.0,1.0
3828279005.807,0.0,0.0,0.0,0.0,1.0,1.0,1.0,0.0,1.0,1.0
3828279006.807,0.0,0.0,0.0,0.0,1.0,1.0,1.0,0.0,1.0,1.0
3828279007.807,0.0,0.0,0.0,0.0,1.0,1.0,1.0,0.0,1.0,1.0
3828279008.807,0.0,0.0,0.0,0.0,1.0,1.0,1.0,0.0,1.0,1.0
3828279009.729,0.0,0.0,0.0,0.0,1.0,1.0,1.0,0.0,1.0,1.0
3828279010.729,0.0,0.0,0.0,0.0,1.0,1.0,1.0,0.0,1.0,1.0
3828279011.729,0.0,0.0,0.0,0.0,1.0,1.0,1.0,0.0,1.0,1.0
3828279012.729,0.0,0.0,0.0,0.0,1.0,1.0,1.0,0.0,1.0,1.0
3828279013.729,0.0,0.0,0.0,0.0,1.0,1.0,1.0,0.0,1.0,1.0
3828279014.729,0.0,0.0,0.0,0.0,1.0,1.0,1.0,0.0,1.0,1.0
3828279015.729,0.0,0.0,0.0,0.0,1.0,1.0,1.0,0.0,1.0,1.0
3828279016.729,0.0,0.0,0.0,0.0,1.0,1.0,1.0,0.0,1.0,1.0
3828279017.729,0.0,0.0,0.0,0.0,1.0,1.0,1.0,0.0,1.0,1.0
3828279018.729,0.0,0.0,0.0,0.0,1.0,1.0,1.0,0.0,1.0,1.0
3828279019.744,0.0,0.0,0.0,0.0,1.0,1.0,1.0,0.0,1.0,1.0
3828279020.744,0.0,0.0,0.0,0.0,1.0,1.0,1.0,0.0,1.0,1.0
3828279021.744,0.0,0.0,0.0,0.0,1.0,1.0,1.0,0.0,1.0,1.0
3828279022.744,0.0,0.0,0.0,0.0,1.0,1.0,1.0,0.0,1.0,1.0
3828279023.744,0.0,0.0,0.0,0.0,1.0,1.0,1.0,0.0,1.0,1.0
3828279024.744,0.0,0.0,0.0,0.0,1.0,1.0,1.0,0.0,1.0,1.0
3828279025.744,0.0,0.0,0.0,0.0,1.0,1.0,1.0,0.0,1.0,1.0
3828279026.744,0.0,0.0,0.0,0.0,1.0,1.0,1.0,0.0,1.0,1.0
3828279027.744,0.0,0.0,0.0,0.0,1.0,1.0,1.0,0.0,1.0,1.0
3828279028.744,0.0,0.0,0.0,0.0,1.0,1.0,1.0,0.0,1.0,1.0
3828279029.763,0.0,0.0,0.0,0.0,1.0,1.0,1.0,0.0,1.0,1.0
3828279030.763,0.0,0.0,0.0,0.0,1.0,1.0,1.0,0.0,1.0,1.0
3828279031.763,0.0,0.0,0.0,0.0,1.0,1.0,1.0,0.0,1.0,1.0
3828279032.763,0.0,0.0,0.0,0.0,1.0,1.0,1.0,0.0,1.0,1.0
3828279033.763,0.0,0.0,0.0,0.0,1.0,1.0,1.0,0.0,1.0,1.0
3828279034.763,0.0,0.0,0.0,0.0,1.0,1.0,1.0,0.0,1.0,1.0
3828279035.763,0.0,0.0,0.0,0.0,1.0,1.0,1.0,0.0,1.0,1.0
3828279036.763,0.0,0.0,0.0,0.0,1.0,1.0,1.0,0.0,1.0,1.0
3828279037.763,0.0,0.0,0.0,0.0,1.0,1.0,1.0,0.0,1.0,1.0
3828279038.763,0.0,0.0,0.0,0.0,1.0,1.0,1.0,0.0,1.0,1.0
3828279039.746,1.0,0.0,0.0,0.0,1.0,1.0,1.0,0.0,1.0,1.0
3828279040.746,1.0,0.0,0.0,0.0,1.0,1.0,1.0,0.0,1.0,1.0
3828279041.746,1.0,0.0,0.0,0.0,1.0,1.0,1.0,0.0,1.0,1.0
3828279042.746,1.0,0.0,0.0,0.0,1.0,1.0,1.0,0.0,1.0,1.0
3828279043.746,1.0,0.0,0.0,0.0,1.0,1.0,1.0,0.0,1.0,1.0
3828279044.746,1.0,0.0,0.0,0.0,1.0,1.0,1.0,0.0,1.0,1.0
3828279045.746,1.0,0.0,0.0,0.0,1.0,1.0,1.0,0.0,1.0,1.0
3828279046.746,1.0,0.0,0.0,0.0,1.0,1.0,1.0,0.0,1.0,1.0
3828279047.746,1.0,0.0,0.0,0.0,1.0,1.0,1.0,0.0,1.0,1.0
3828279048.746,1.0,0.0,0.0,0.0,1.0,1.0,1.0,0.0,1.0,1.0
3828279049.778,1.0,0.0,0.0,1.0,1.0,1.0,1.0,1.0,1.0,1.0
3828279050.778,1.0,0.0,0.0,1.0,1.0,1.0,1.0,1.0,1.0,1.0
3828279051.778,1.0,0.0,0.0,1.0,1.0,1.0,1.0,1.0,1.0,1.0
3828279052.778,1.0,0.0,0.0,1.0,1.0,1.0,1.0,1.0,1.0,1.0
3828279053.778,1.0,0.0,0.0,1.0,1.0,1.0,1.0,1.0,1.0,1.0
3828279054.778,1.0,0.0,0.0,1.0,1.0,1.0,1.0,1.0,1.0,1.0
3828279055.778,1.0,0.0,0.0,1.0,1.0,1.0,1.0,1.0,1.0,1.0
3828279056.778,1.0,0.0,0.0,1.0,1.0,1.0,1.0,1.0,1.0,1.0
3828279057.778,1.0,0.0,0.0,1.0,1.0,1.0,1.0,1.0,1.0,1.0
3828279058.778,1.0,0.0,0.0,1.0,1.0,1.0,1.0,1.0,1.0,1.0
3828279059.795,1.0,0.0,0.0,1.0,1.0,1.0,1.0,1.0,1.0,1.0
3828279060.795,1.0,0.0,0.0,1.0,1.0,1.0,1.0,1.0,1.0,1.0
3828279061.795,1.0,0.0,0.0,1.0,1.0,1.0,1.0,1.0,1.0,1.0
3828279062.795,1.0,0.0,0.0,1.0,1.0,1.0,1.0,1.0,1.0,1.0
3828279063.795,1.0,0.0,0.0,1.0,1.0,1.0,1.0,1.0,1.0,1.0
3828279064.795,1.0,0.0,0.0,1.0,1.0,1.0,1.0,1.0,1.0,1.0
3828279065.795,1.0,0.0,0.0,1.0,1.0,1.0,1.0,1.0,1.0,1.0
3828279066.795,1.0,0.0,0.0,1.0,1.0,1.0,1.0,1.0,1.0,1.0
3828279067.795,1.0,0.0,0.0,1.0,1.0,1.0,1.0,1.0,1.0,1.0
3828279068.795,1.0,0.0,0.0,1.0,1.0,1.0,1.0,1.0,1.0,1.0
3828279069.792,1.0,0.0,0.0,1.0,1.0,1.0,1.0,1.0,1.0,1.0
3828279070.792,1.0,0.0,0.0,1.0,1.0,1.0,1.0,1.0,1.0,1.0
3828279071.792,1.0,0.0,0.0,1.0,1.0,1.0,1.0,1.0,1.0,1.0
3828279072.792,1.0,0.0,0.0,1.0,1.0,1.0,1.0,1.0,1.0,1.0
3828279073.792,1.0,0.0,0.0,1.0,1.0,1.0,1.0,1.0,1.0,1.0
3828279074.792,1.0,0.0,0.0,1.0,1.0,1.0,1.0,1.0,1.0,1.0
3828279075.792,1.0,0.0,0.0,1.0,1.0,1.0,1.0,1.0,1.0,1.0
3828279076.792,1.0,0.0,0.0,1.0,1.0,1.0,1.0,1.0,1.0,1.0
3828279077.792,1.0,0.0,0.0,1.0,1.0,1.0,1.0,1.0,1.0,1.0
3828279078.792,1.0,0.0,0.0,1.0,1.0,1.0,1.0,1.0,1.0,1.0
3828279079.748,1.0,0.0,0.0,1.0,1.0,1.0,1.0,1.0,1.0,1.0
3828279080.748,1.0,0.0,0.0,1.0,1.0,1.0,1.0,1.0,1.0,1.0
3828279081.748,1.0,0.0,0.0,1.0,1.0,1.0,1.0,1.0,1.0,1.0
3828279082.748,1.0,0.0,0.0,1.0,1.0,1.0,1.0,1.0,1.0,1.0
3828279083.748,1.0,0.0,0.0,1.0,1.0,1.0,1.0,1.0,1.0,1.0
3828279084.748,1.0,0.0,0.0,1.0,1.0,1.0,1.0,1.0,1.0,1.0
3828279085.748,1.0,0.0,0.0,1.0,1.0,1.0,1.0,1.0,1.0,1.0
3828279086.748,1.0,0.0,0.0,1.0,1.0,1.0,1.0,1.0,1.0,1.0
3828279087.748,1.0,0.0,0.0,1.0,1.0,1.0,1.0,1.0,1.0,1.0
3828279088.748,1.0,0.0,0.0,1.0,1.0,1.0,1.0,1.0,1.0,1.0
3828279089.748,1.0,0.0,0.0,1.0,1.0,1.0,1.0,1.0,1.0,1.0
3828279090.748,1.0,0.0,0.0,1.0,1.0,1.0,1.0,1.0,1.0,1.0
3828279091.748,1.0,0.0,0.0,1.0,1.0,1.0,1.0,1.0,1.0,1.0
3828279092.748,1.0,0.0,0.0,1.0,1.0,1.0,1.0,1.0,1.0,1.0
3828279093.748,1.0,0.0,0.0,1.0,1.0,1.0,1.0,1.0,1.0,1.0
3828279094.748,1.0,0.0,0.0,1.0,1.0,1.0,1.0,1.0,1.0,1.0
3828279095.748,1.0,0.0,0.0,1.0,1.0,1.0,1.0,1.0,1.0,1.0
3828279096.748,1.0,0.0,0.0,1.0,1.0,1.0,1.0,1.0,1.0,1.0
3828279097.748,1.0,0.0,0.0,1.0,1.0,1.0,1.0,1.0,1.0,1.0
3828279098.748,1.0,0.0,0.0,1.0,1.0,1.0,1.0,1.0,1.0,1.0
3828279099.686,1.0,0.0,0.0,1.0,1.0,1.0,1.0,1.0,1.0,1.0
3828279100.686,1.0,0.0,0.0,1.0,1.0,1.0,1.0,1.0,1.0,1.0
3828279101.686,1.0,0.0,0.0,1.0,1.0,1.0,1.0,1.0,1.0,1.0
3828279102.686,1.0,0.0,0.0,1.0,1.0,1.0,1.0,1.0,1.0,1.0
3828279103.686,1.0,0.0,0.0,1.0,1.0,1.0,1.0,1.0,1.0,1.0
3828279104.686,1.0,0.0,0.0,1.0,1.0,1.0,1.0,1.0,1.0,1.0
3828279105.686,1.0,0.0,0.0,1.0,1.0,1.0,1.0,1.0,1.0,1.0
3828279106.686,1.0,0.0,0.0,1.0,1.0,1.0,1.0,1.0,1.0,1.0
3828279107.686,1.0,0.0,0.0,1.0,1.0,1.0,1.0,1.0,1.0,1.0
3828279108.686,1.0,0.0,0.0,1.0,1.0,1.0,1.0,1.0,1.0,1.0
3828279109.666,1.0,0.0,0.0,1.0,1.0,1.0,1.0,1.0,1.0,1.0
3828279110.666,1.0,0.0,0.0,1.0,1.0,1.0,1.0,1.0,1.0,1.0
3828279111.666,1.0,0.0,0.0,1.0,1.0,1.0,1.0,1.0,1.0,1.0
3828279112.666,1.0,0.0,0.0,1.0,1.0,1.0,1.0,1.0,1.0,1.0
3828279113.666,1.0,0.0,0.0,1.0,1.0,1.0,1.0,1.0,1.0,1.0
3828279114.666,1.0,0.0,0.0,1.0,1.0,1.0,1.0,1.0,1.0,1.0
3828279115.666,1.0,0.0,0.0,1.0,1.0,1.0,1.0,1.0,1.0,1.0
3828279116.666,1.0,0.0,0.0,1.0,1.0,1.0,1.0,1.0,1.0,1.0
3828279117.666,1.0,0.0,0.0,1.0,1.0,1.0,1.0,1.0,1.0,1.0
3828279118.666,1.0,0.0,0.0,1.0,1.0,1.0,1.0,1.0,1.0,1.0
3828279119.699,1.0,0.0,0.0,1.0,1.0,1.0,1.0,1.0,1.0,1.0
3828279120.699,1.0,0.0,0.0,1.0,1.0,1.0,1.0,1.0,1.0,1.0
3828279121.699,1.0,0.0,0.0,1.0,1.0,1.0,1.0,1.0,1.0,1.0
3828279122.699,1.0,0.0,0.0,1.0,1.0,1.0,1.0,1.0,1.0,1.0
3828279123.699,1.0,0.0,0.0,1.0,1.0,1.0,1.0,1.0,1.0,1.0
3828279124.699,1.0,0.0,0.0,1.0,1.0,1.0,1.0,1.0,1.0,1.0
3828279125.699,1.0,0.0,0.0,1.0,1.0,1.0,1.0,1.0,1.0,1.0
3828279126.699,1.0,0.0,0.0,1.0,1.0,1.0,1.0,1.0,1.0,1.0
3828279127.699,1.0,0.0,0.0,1.0,1.0,1.0,1.0,1.0,1.0,1.0
3828279128.699,1.0,0.0,0.0,1.0,1.0,1.0,1.0,1.0,1.0,1.0
3828279129.668,1.0,0.0,0.0,1.0,1.0,1.0,1.0,1.0,1.0,1.0
3828279130.668,1.0,0.0,0.0,1.0,1.0,1.0,1.0,1.0,1.0,1.0
3828279131.668,1.0,0.0,0.0,1.0,1.0,1.0,1.0,1.0,1.0,1.0
3828279132.668,1.0,0.0,0.0,1.0,1.0,1.0,1.0,1.0,1.0,1.0
3828279133.668,1.0,0.0,0.0,1.0,1.0,1.0,1.0,1.0,1.0,1.0
3828279134.668,1.0,0.0,0.0,1.0,1.0,1.0,1.0,1.0,1.0,1.0
3828279135.668,1.0,0.0,0.0,1.0,1.0,1.0,1.0,1.0,1.0,1.0
3828279136.668,1.0,0.0,0.0,1.0,1.0,1.0,1.0,1.0,1.0,1.0
3828279137.668,1.0,0.0,0.0,1.0,1.0,1.0,1.0,1.0,1.0,1.0
3828279138.668,1.0,0.0,0.0,1.0,1.0,1.0,1.0,1.0,1.0,1.0
3828279139.701,1.0,0.0,1.0,1.0,1.0,1.0,1.0,1.0,1.0,1.0
3828279140.701,1.0,0.0,1.0,1.0,1.0,1.0,1.0,1.0,1.0,1.0
3828279141.701,1.0,0.0,1.0,1.0,1.0,1.0,1.0,1.0,1.0,1.0
3828279142.701,1.0,0.0,1.0,1.0,1.0,1.0,1.0,1.0,1.0,1.0
3828279143.701,1.0,0.0,1.0,1.0,1.0,1.0,1.0,1.0,1.0,1.0
3828279144.701,1.0,0.0,1.0,1.0,1.0,1.0,1.0,1.0,1.0,1.0
3828279145.701,1.0,0.0,1.0,1.0,1.0,1.0,1.0,1.0,1.0,1.0
3828279146.701,1.0,0.0,1.0,1.0,1.0,1.0,1.0,1.0,1.0,1.0
3828279147.701,1.0,0.0,1.0,1.0,1.0,1.0,1.0,1.0,1.0,1.0
3828279148.701,1.0,0.0,1.0,1.0,1.0,1.0,1.0,1.0,1.0,1.0
3828279149.732,1.0,1.0,1.0,1.0,1.0,1.0,0.0,1.0,1.0,1.0
3828279150.732,1.0,1.0,1.0,1.0,1.0,1.0,0.0,1.0,1.0,1.0
3828279151.732,1.0,1.0,1.0,1.0,1.0,1.0,0.0,1.0,1.0,1.0
3828279152.732,1.0,1.0,1.0,1.0,1.0,1.0,0.0,1.0,1.0,1.0
3828279153.732,1.0,1.0,1.0,1.0,1.0,1.0,0.0,1.0,1.0,1.0
3828279154.732,1.0,1.0,1.0,1.0,1.0,1.0,0.0,1.0,1.0,1.0
3828279155.732,1.0,1.0,1.0,1.0,1.0,1.0,0.0,1.0,1.0,1.0
3828279156.732,1.0,1.0,1.0,1.0,1.0,1.0,0.0,1.0,1.0,1.0
3828279157.732,1.0,1.0,1.0,1.0,1.0,1.0,0.0,1.0,1.0,1.0
3828279158.732,1.0,1.0,1.0,1.0,1.0,1.0,0.0,1.0,1.0,1.0
3828279159.7,1.0,1.0,1.0,1.0,1.0,1.0,1.0,1.0,1.0,1.0
3828279160.7,1.0,1.0,1.0,1.0,1.0,1.0,1.0,1.0,1.0,1.0
3828279161.7,1.0,1.0,1.0,1.0,1.0,1.0,1.0,1.0,1.0,1.0
3828279162.7,1.0,1.0,1.0,1.0,1.0,1.0,1.0,1.0,1.0,1.0
3828279163.7,1.0,1.0,1.0,1.0,1.0,1.0,1.0,1.0,1.0,1.0
3828279164.7,1.0,1.0,1.0,1.0,1.0,1.0,1.0,1.0,1.0,1.0
3828279165.7,1.0,1.0,1.0,1.0,1.0,1.0,1.0,1.0,1.0,1.0
3828279166.7,1.0,1.0,1.0,1.0,1.0,1.0,1.0,1.0,1.0,1.0
3828279167.7,1.0,1.0,1.0,1.0,1.0,1.0,1.0,1.0,1.0,1.0
3828279168.7,1.0,1.0,1.0,1.0,1.0,1.0,1.0,1.0,1.0,1.0
3828279169.697,1.0,1.0,1.0,1.0,1.0,1.0,1.0,1.0,1.0,1.0
3828279170.697,1.0,1.0,1.0,1.0,1.0,1.0,1.0,1.0,1.0,1.0
3828279171.697,1.0,1.0,1.0,1.0,1.0,1.0,1.0,1.0,1.0,1.0
3828279172.697,1.0,1.0,1.0,1.0,1.0,1.0,1.0,1.0,1.0,1.0
3828279173.697,1.0,1.0,1.0,1.0,1.0,1.0,1.0,1.0,1.0,1.0
3828279174.697,1.0,1.0,1.0,1.0,1.0,1.0,1.0,1.0,1.0,1.0
3828279175.697,1.0,1.0,1.0,1.0,1.0,1.0,1.0,1.0,1.0,1.0
3828279176.697,1.0,1.0,1.0,1.0,1.0,1.0,1.0,1.0,1.0,1.0
3828279177.697,1.0,1.0,1.0,1.0,1.0,1.0,1.0,1.0,1.0,1.0
3828279178.697,1.0,1.0,1.0,1.0,1.0,1.0,1.0,1.0,1.0,1.0
3828279179.716,1.0,1.0,1.0,1.0,1.0,1.0,1.0,1.0,1.0,1.0
3828279180.716,1.0,1.0,1.0,1.0,1.0,1.0,1.0,1.0,1.0,1.0
3828279181.716,1.0,1.0,1.0,1.0,1.0,1.0,1.0,1.0,1.0,1.0
3828279182.716,1.0,1.0,1.0,1.0,1.0,1.0,1.0,1.0,1.0,1.0
3828279183.716,1.0,1.0,1.0,1.0,1.0,1.0,1.0,1.0,1.0,1.0
3828279184.716,1.0,1.0,1.0,1.0,1.0,1.0,1.0,1.0,1.0,1.0
3828279185.716,1.0,1.0,1.0,1.0,1.0,1.0,1.0,1.0,1.0,1.0
3828279186.716,1.0,1.0,1.0,1.0,1.0,1.0,1.0,1.0,1.0,1.0
3828279187.716,1.0,1.0,1.0,1.0,1.0,1.0,1.0,1.0,1.0,1.0
3828279188.716,1.0,1.0,1.0,1.0,1.0,1.0,1.0,1.0,1.0,1.0
3828279189.672,1.0,1.0,1.0,1.0,1.0,1.0,1.0,1.0,1.0,1.0
3828279190.672,1.0,1.0,1.0,1.0,1.0,1.0,1.0,1.0,1.0,1.0
3828279191.672,1.0,1.0,1.0,1.0,1.0,1.0,1.0,1.0,1.0,1.0
3828279192.672,1.0,1.0,1.0,1.0,1.0,1.0,1.0,1.0,1.0,1.0
3828279193.672,1.0,1.0,1.0,1.0,1.0,1.0,1.0,1.0,1.0,1.0
3828279194.672,1.0,1.0,1.0,1.0,1.0,1.0,1.0,1.0,1.0,1.0
3828279195.672,1.0,1.0,1.0,1.0,1.0,1.0,1.0,1.0,1.0,1.0
3828279196.672,1.0,1.0,1.0,1.0,1.0,1.0,1.0,1.0,1.0,1.0
3828279197.672,1.0,1.0,1.0,1.0,1.0,1.0,1.0,1.0,1.0,1.0
3828279198.672,1.0,1.0,1.0,1.0,1.0,1.0,1.0,1.0,1.0,1.0
3828279199.684,1.0,1.0,1.0,0.0,1.0,1.0,1.0,1.0,1.0,1.0
3828279200.684,1.0,1.0,1.0,0.0,1.0,1.0,1.0,1.0,1.0,1.0
3828279201.684,1.0,1.0,1.0,0.0,1.0,1.0,1.0,1.0,1.0,1.0
3828279202.684,1.0,1.0,1.0,0.0,1.0,1.0,1.0,1.0,1.0,1.0
3828279203.684,1.0,1.0,1.0,0.0,1.0,1.0,1.0,1.0,1.0,1.0
3828279204.684,1.0,1.0,1.0,0.0,1.0,1.0,1.0,1.0,1.0,1.0
3828279205.684,1.0,1.0,1.0,0.0,1.0,1.0,1.0,1.0,1.0,1.0
3828279206.684,1.0,1.0,1.0,0.0,1.0,1.0,1.0,1.0,1.0,1.0
3828279207.684,1.0,1.0,1.0,0.0,1.0,1.0,1.0,1.0,1.0,1.0
3828279208.684,1.0,1.0,1.0,0.0,1.0,1.0,1.0,1.0,1.0,1.0
3828279209.668,1.0,1.0,1.0,0.0,1.0,1.0,1.0,1.0,1.0,1.0
3828279210.668,1.0,1.0,1.0,0.0,1.0,1.0,1.0,1.0,1.0,1.0
3828279211.668,1.0,1.0,1.0,0.0,1.0,1.0,1.0,1.0,1.0,1.0
3828279212.668,1.0,1.0,1.0,0.0,1.0,1.0,1.0,1.0,1.0,1.0
3828279213.668,1.0,1.0,1.0,0.0,1.0,1.0,1.0,1.0,1.0,1.0
3828279214.668,1.0,1.0,1.0,0.0,1.0,1.0,1.0,1.0,1.0,1.0
3828279215.668,1.0,1.0,1.0,0.0,1.0,1.0,1.0,1.0,1.0,1.0
3828279216.668,1.0,1.0,1.0,0.0,1.0,1.0,1.0,1.0,1.0,1.0
3828279217.668,1.0,1.0,1.0,0.0,1.0,1.0,1.0,1.0,1.0,1.0
3828279218.668,1.0,1.0,1.0,0.0,1.0,1.0,1.0,1.0,1.0,1.0
3828279219.685,1.0,1.0,1.0,0.0,1.0,1.0,1.0,1.0,1.0,1.0
3828279220.685,1.0,1.0,1.0,0.0,1.0,1.0,1.0,1.0,1.0,1.0
3828279221.685,1.0,1.0,1.0,0.0,1.0,1.0,1.0,1.0,1.0,1.0
3828279222.685,1.0,1.0,1.0,0.0,1.0,1.0,1.0,1.0,1.0,1.0
3828279223.685,1.0,1.0,1.0,0.0,1.0,1.0,1.0,1.0,1.0,1.0
3828279224.685,1.0,1.0,1.0,0.0,1.0,1.0,1.0,1.0,1.0,1.0
3828279225.685,1.0,1.0,1.0,0.0,1.0,1.0,1.0,1.0,1.0,1.0
3828279226.685,1.0,1.0,1.0,0.0,1.0,1.0,1.0,1.0,1.0,1.0
3828279227.685,1.0,1.0,1.0,0.0,1.0,1.0,1.0,1.0,1.0,1.0
3828279228.685,1.0,1.0,1.0,0.0,1.0,1.0,1.0,1.0,1.0,1.0
3828279229.655,1.0,1.0,1.0,0.0,1.0,0.0,1.0,1.0,1.0,1.0
3828279230.655,1.0,1.0,1.0,0.0,1.0,0.0,1.0,1.0,1.0,1.0
3828279231.655,1.0,1.0,1.0,0.0,1.0,0.0,1.0,1.0,1.0,1.0
3828279232.655,1.0,1.0,1.0,0.0,1.0,0.0,1.0,1.0,1.0,1.0
3828279233.655,1.0,1.0,1.0,0.0,1.0,0.0,1.0,1.0,1.0,1.0
3828279234.655,1.0,1.0,1.0,0.0,1.0,0.0,1.0,1.0,1.0,1.0
3828279235.655,1.0,1.0,1.0,0.0,1.0,0.0,1.0,1.0,1.0,1.0
3828279236.655,1.0,1.0,1.0,0.0,1.0,0.0,1.0,1.0,1.0,1.0
3828279237.655,1.0,1.0,1.0,0.0,1.0,0.0,1.0,1.0,1.0,1.0
3828279238.655,1.0,1.0,1.0,0.0,1.0,0.0,1.0,1.0,1.0,1.0
3828279239.626,1.0,1.0,1.0,0.0,1.0,0.0,1.0,1.0,1.0,1.0
3828279240.626,1.0,1.0,1.0,0.0,1.0,0.0,1.0,1.0,1.0,1.0
3828279241.626,1.0,1.0,1.0,0.0,1.0,0.0,1.0,1.0,1.0,1.0
3828279242.626,1.0,1.0,1.0,0.0,1.0,0.0,1.0,1.0,1.0,1.0
3828279243.626,1.0,1.0,1.0,0.0,1.0,0.0,1.0,1.0,1.0,1.0
3828279244.626,1.0,1.0,1.0,0.0,1.0,0.0,1.0,1.0,1.0,1.0
3828279245.626,1.0,1.0,1.0,0.0,1.0,0.0,1.0,1.0,1.0,1.0
3828279246.626,1.0,1.0,1.0,0.0,1.0,0.0,1.0,1.0,1.0,1.0
3828279247.626,1.0,1.0,1.0,0.0,1.0,0.0,1.0,1.0,1.0,1.0
3828279248.626,1.0,1.0,1.0,0.0,1.0,0.0,1.0,1.0,1.0,1.0
3828279249.638,1.0,1.0,1.0,0.0,1.0,0.0,1.0,1.0,1.0,1.0
3828279250.638,1.0,1.0,1.0,0.0,1.0,0.0,1.0,1.0,1.0,1.0
3828279251.638,1.0,1.0,1.0,0.0,1.0,0.0,1.0,1.0,1.0,1.0
3828279252.638,1.0,1.0,1.0,0.0,1.0,0.0,1.0,1.0,1.0,1.0
3828279253.638,1.0,1.0,1.0,0.0,1.0,0.0,1.0,1.0,1.0,1.0
3828279254.638,1.0,1.0,1.0,0.0,1.0,0.0,1.0,1.0,1.0,1.0
3828279255.638,1.0,1.0,1.0,0.0,1.0,0.0,1.0,1.0,1.0,1.0
3828279256.638,1.0,1.0,1.0,0.0,1.0,0.0,1.0,1.0,1.0,1.0
3828279257.638,1.0,1.0,1.0,0.0,1.0,0.0,1.0,1.0,1.0,1.0
3828279258.638,1.0,1.0,1.0,0.0,1.0,0.0,1.0,1.0,1.0,1.0
3828279259.654,1.0,1.0,1.0,0.0,1.0,0.0,0.0,1.0,0.0,1.0
3828279260.654,1.0,1.0,1.0,0.0,1.0,0.0,0.0,1.0,0.0,1.0
3828279261.654,1.0,1.0,1.0,0.0,1.0,0.0,0.0,1.0,0.0,1.0
3828279262.654,1.0,1.0,1.0,0.0,1.0,0.0,0.0,1.0,0.0,1.0
3828279263.654,1.0,1.0,1.0,0.0,1.0,0.0,0.0,1.0,0.0,1.0
3828279264.654,1.0,1.0,1.0,0.0,1.0,0.0,0.0,1.0,0.0,1.0
3828279265.654,1.0,1.0,1.0,0.0,1.0,0.0,0.0,1.0,0.0,1.0
3828279266.654,1.0,1.0,1.0,0.0,1.0,0.0,0.0,1.0,0.0,1.0
3828279267.654,1.0,1.0,1.0,0.0,1.0,0.0,0.0,1.0,0.0,1.0
3828279268.654,1.0,1.0,1.0,0.0,1.0,0.0,0.0,1.0,0.0,1.0
3828279269.604,1.0,1.0,1.0,0.0,1.0,0.0,0.0,1.0,0.0,1.0
3828279270.604,1.0,1.0,1.0,0.0,1.0,0.0,0.0,1.0,0.0,1.0
3828279271.604,1.0,1.0,1.0,0.0,1.0,0.0,0.0,1.0,0.0,1.0
3828279272.604,1.0,1.0,1.0,0.0,1.0,0.0,0.0,1.0,0.0,1.0
3828279273.604,1.0,1.0,1.0,0.0,1.0,0.0,0.0,1.0,0.0,1.0
3828279274.604,1.0,1.0,1.0,0.0,1.0,0.0,0.0,1.0,0.0,1.0
3828279275.604,1.0,1.0,1.0,0.0,1.0,0.0,0.0,1.0,0.0,1.0
3828279276.604,1.0,1.0,1.0,0.0,1.0,0.0,0.0,1.0,0.0,1.0
3828279277.604,1.0,1.0,1.0,0.0,1.0,0.0,0.0,1.0,0.0,1.0
3828279278.604,1.0,1.0,1.0,0.0,1.0,0.0,0.0,1.0,0.0,1.0
3828279279.624,1.0,1.0,1.0,0.0,1.0,0.0,0.0,1.0,0.0,1.0
3828279280.624,1.0,1.0,1.0,0.0,1.0,0.0,0.0,1.0,0.0,1.0
3828279281.624,1.0,1.0,1.0,0.0,1.0,0.0,0.0,1.0,0.0,1.0
3828279282.624,1.0,1.0,1.0,0.0,1.0,0.0,0.0,1.0,0.0,1.0
3828279283.624,1.0,1.0,1.0,0.0,1.0,0.0,0.0,1.0,0.0,1.0
3828279284.624,1.0,1.0,1.0,0.0,1.0,0.0,0.0,1.0,0.0,1.0
3828279285.624,1.0,1.0,1.0,0.0,1.0,0.0,0.0,1.0,0.0,1.0
3828279286.624,1.0,1.0,1.0,0.0,1.0,0.0,0.0,1.0,0.0,1.0
3828279287.624,1.0,1.0,1.0,0.0,1.0,0.0,0.0,1.0,0.0,1.0
3828279288.624,1.0,1.0,1.0,0.0,1.0,0.0,0.0,1.0,0.0,1.0
3828279289.653,1.0,1.0,1.0,0.0,1.0,0.0,0.0,1.0,0.0,1.0
3828279290.653,1.0,1.0,1.0,0.0,1.0,0.0,0.0,1.0,0.0,1.0
3828279291.653,1.0,1.0,1.0,0.0,1.0,0.0,0.0,1.0,0.0,1.0
3828279292.653,1.0,1.0,1.0,0.0,1.0,0.0,0.0,1.0,0.0,1.0
3828279293.653,1.0,1.0,1.0,0.0,1.0,0.0,0.0,1.0,0.0,1.0
3828279294.653,1.0,1.0,1.0,0.0,1.0,0.0,0.0,1.0,0.0,1.0
3828279295.653,1.0,1.0,1.0,0.0,1.0,0.0,0.0,1.0,0.0,1.0
3828279296.653,1.0,1.0,1.0,0.0,1.0,0.0,0.0,1.0,0.0,1.0
3828279297.653,1.0,1.0,1.0,0.0,1.0,0.0,0.0,1.0,0.0,1.0
3828279298.653,1.0,1.0,1.0,0.0,1.0,0.0,0.0,1.0,0.0,1.0
3828279299.691,1.0,1.0,1.0,0.0,1.0,0.0,0.0,1.0,0.0,1.0
3828279300.691,1.0,1.0,1.0,0.0,1.0,0.0,0.0,1.0,0.0,1.0
3828279301.691,1.0,1.0,1.0,0.0,1.0,0.0,0.0,1.0,0.0,1.0
3828279302.691,1.0,1.0,1.0,0.0,1.0,0.0,0.0,1.0,0.0,1.0
3828279303.691,1.0,1.0,1.0,0.0,1.0,0.0,0.0,1.0,0.0,1.0
3828279304.691,1.0,1.0,1.0,0.0,1.0,0.0,0.0,1.0,0.0,1.0
3828279305.691,1.0,1.0,1.0,0.0,1.0,0.0,0.0,1.0,0.0,1.0
3828279306.691,1.0,1.0,1.0,0.0,1.0,0.0,0.0,1.0,0.0,1.0
3828279307.691,1.0,1.0,1.0,0.0,1.0,0.0,0.0,1.0,0.0,1.0
3828279308.691,1.0,1.0,1.0,0.0,1.0,0.0,0.0,1.0,0.0,1.0
3828279309.683,1.0,1.0,1.0,0.0,1.0,0.0,0.0,1.0,0.0,1.0
3828279310.683,1.0,1.0,1.0,0.0,1.0,0.0,0.0,1.0,0.0,1.0
3828279311.683,1.0,1.0,1.0,0.0,1.0,0.0,0.0,1.0,0.0,1.0
3828279312.683,1.0,1.0,1.0,0.0,1.0,0.0,0.0,1.0,0.0,1.0
3828279313.683,1.0,1.0,1.0,0.0,1.0,0.0,0.0,1.0,0.0,1.0
3828279314.683,1.0,1.0,1.0,0.0,1.0,0.0,0.0,1.0,0.0,1.0
3828279315.683,1.0,1.0,1.0,0.0,1.0,0.0,0.0,1.0,0.0,1.0
3828279316.683,1.0,1.0,1.0,0.0,1.0,0.0,0.0,1.0,0.0,1.0
3828279317.683,1.0,1.0,1.0,0.0,1.0,0.0,0.0,1.0,0.0,1.0
3828279318.683,1.0,1.0,1.0,0.0,1.0,0.0,0.0,1.0,0.0,1.0
3828279319.656,1.0,1.0,1.0,0.0,1.0,0.0,0.0,1.0,0.0,1.0
3828279320.656,1.0,1.0,1.0,0.0,1.0,0.0,0.0,1.0,0.0,1.0
3828279321.656,1.0,1.0,1.0,0.0,1.0,0.0,0.0,1.0,0.0,1.0
3828279322.656,1.0,1.0,1.0,0.0,1.0,0.0,0.0,1.0,0.0,1.0
3828279323.656,1.0,1.0,1.0,0.0,1.0,0.0,0.0,1.0,0.0,1.0
3828279324.656,1.0,1.0,1.0,0.0,1.0,0.0,0.0,1.0,0.0,1.0
3828279325.656,1.0,1.0,1.0,0.0,1.0,0.0,0.0,1.0,0.0,1.0
3828279326.656,1.0,1.0,1.0,0.0,1.0,0.0,0.0,1.0,0.0,1.0
3828279327.656,1.0,1.0,1.0,0.0,1.0,0.0,0.0,1.0,0.0,1.0
3828279328.656,1.0,1.0,1.0,0.0,1.0,0.0,0.0,1.0,0.0,1.0
3828279329.692,1.0,1.0,1.0,0.0,1.0,0.0,0.0,1.0,0.0,1.0
3828279330.692,1.0,1.0,1.0,0.0,1.0,0.0,0.0,1.0,0.0,1.0
3828279331.692,1.0,1.0,1.0,0.0,1.0,0.0,0.0,1.0,0.0,1.0
3828279332.692,1.0,1.0,1.0,0.0,1.0,0.0,0.0,1.0,0.0,1.0
3828279333.692,1.0,1.0,1.0,0.0,1.0,0.0,0.0,1.0,0.0,1.0
3828279334.692,1.0,1.0,1.0,0.0,1.0,0.0,0.0,1.0,0.0,1.0
3828279335.692,1.0,1.0,1.0,0.0,1.0,0.0,0.0,1.0,0.0,1.0
3828279336.692,1.0,1.0,1.0,0.0,1.0,0.0,0.0,1.0,0.0,1.0
3828279337.692,1.0,1.0,1.0,0.0,1.0,0.0,0.0,1.0,0.0,1.0
3828279338.692,1.0,1.0,1.0,0.0,1.0,0.0,0.0,1.0,0.0,1.0
3828279339.758,1.0,1.0,1.0,0.0,1.0,0.0,0.0,1.0,0.0,1.0
3828279340.758,1.0,1.0,1.0,0.0,1.0,0.0,0.0,1.0,0.0,1.0
3828279341.758,1.0,1.0,1.0,0.0,1.0,0.0,0.0,1.0,0.0,1.0
3828279342.758,1.0,1.0,1.0,0.0,1.0,0.0,0.0,1.0,0.0,1.0
3828279343.758,1.0,1.0,1.0,0.0,1.0,0.0,0.0,1.0,0.0,1.0
3828279344.758,1.0,1.0,1.0,0.0,1.0,0.0,0.0,1.0,0.0,1.0
3828279345.758,1.0,1.0,1.0,0.0,1.0,0.0,0.0,1.0,0.0,1.0
3828279346.758,1.0,1.0,1.0,0.0,1.0,0.0,0.0,1.0,0.0,1.0
3828279347.758,1.0,1.0,1.0,0.0,1.0,0.0,0.0,1.0,0.0,1.0
3828279348.758,1.0,1.0,1.0,0.0,1.0,0.0,0.0,1.0,0.0,1.0
3828279349.774,1.0,1.0,1.0,0.0,1.0,0.0,0.0,1.0,0.0,1.0
3828279350.774,1.0,1.0,1.0,0.0,1.0,0.0,0.0,1.0,0.0,1.0
3828279351.774,1.0,1.0,1.0,0.0,1.0,0.0,0.0,1.0,0.0,1.0
3828279352.774,1.0,1.0,1.0,0.0,1.0,0.0,0.0,1.0,0.0,1.0
3828279353.774,1.0,1.0,1.0,0.0,1.0,0.0,0.0,1.0,0.0,1.0
3828279354.774,1.0,1.0,1.0,0.0,1.0,0.0,0.0,1.0,0.0,1.0
3828279355.774,1.0,1.0,1.0,0.0,1.0,0.0,0.0,1.0,0.0,1.0
3828279356.774,1.0,1.0,1.0,0.0,1.0,0.0,0.0,1.0,0.0,1.0
3828279357.774,1.0,1.0,1.0,0.0,1.0,0.0,0.0,1.0,0.0,1.0
3828279358.774,1.0,1.0,1.0,0.0,1.0,0.0,0.0,1.0,0.0,1.0
3828279359.824,1.0,1.0,1.0,0.0,1.0,0.0,0.0,1.0,0.0,1.0
3828279360.824,1.0,1.0,1.0,0.0,1.0,0.0,0.0,1.0,0.0,1.0
3828279361.824,1.0,1.0,1.0,0.0,1.0,0.0,0.0,1.0,0.0,1.0
3828279362.824,1.0,1.0,1.0,0.0,1.0,0.0,0.0,1.0,0.0,1.0
3828279363.824,1.0,1.0,1.0,0.0,1.0,0.0,0.0,1.0,0.0,1.0
3828279364.824,1.0,1.0,1.0,0.0,1.0,0.0,0.0,1.0,0.0,1.0
3828279365.824,1.0,1.0,1.0,0.0,1.0,0.0,0.0,1.0,0.0,1.0
3828279366.824,1.0,1.0,1.0,0.0,1.0,0.0,0.0,1.0,0.0,1.0
3828279367.824,1.0,1.0,1.0,0.0,1.0,0.0,0.0,1.0,0.0,1.0
3828279368.824,1.0,1.0,1.0,0.0,1.0,0.0,0.0,1.0,0.0,1.0
3828279369.842,1.0,1.0,1.0,0.0,1.0,0.0,0.0,1.0,0.0,1.0
3828279370.842,1.0,1.0,1.0,0.0,1.0,0.0,0.0,1.0,0.0,1.0
3828279371.842,1.0,1.0,1.0,0.0,1.0,0.0,0.0,1.0,0.0,1.0
3828279372.842,1.0,1.0,1.0,0.0,1.0,0.0,0.0,1.0,0.0,1.0
3828279373.842,1.0,1.0,1.0,0.0,1.0,0.0,0.0,1.0,0.0,1.0
3828279374.842,1.0,1.0,1.0,0.0,1.0,0.0,0.0,1.0,0.0,1.0
3828279375.842,1.0,1.0,1.0,0.0,1.0,0.0,0.0,1.0,0.0,1.0
3828279376.842,1.0,1.0,1.0,0.0,1.0,0.0,0.0,1.0,0.0,1.0
3828279377.842,1.0,1.0,1.0,0.0,1.0,0.0,0.0,1.0,0.0,1.0
3828279378.842,1.0,1.0,1.0,0.0,1.0,0.0,0.0,1.0,0.0,1.0
3828279379.912,1.0,1.0,1.0,0.0,1.0,0.0,0.0,1.0,0.0,1.0
3828279380.912,1.0,1.0,1.0,0.0,1.0,0.0,0.0,1.0,0.0,1.0
3828279381.912,1.0,1.0,1.0,0.0,1.0,0.0,0.0,1.0,0.0,1.0
3828279382.912,1.0,1.0,1.0,0.0,1.0,0.0,0.0,1.0,0.0,1.0
3828279383.912,1.0,1.0,1.0,0.0,1.0,0.0,0.0,1.0,0.0,1.0
3828279384.912,1.0,1.0,1.0,0.0,1.0,0.0,0.0,1.0,0.0,1.0
3828279385.912,1.0,1.0,1.0,0.0,1.0,0.0,0.0,1.0,0.0,1.0
3828279386.912,1.0,1.0,1.0,0.0,1.0,0.0,0.0,1.0,0.0,1.0
3828279387.912,1.0,1.0,1.0,0.0,1.0,0.0,0.0,1.0,0.0,1.0
3828279388.912,1.0,1.0,1.0,0.0,1.0,0.0,0.0,1.0,0.0,1.0
3828279389.995,1.0,1.0,1.0,0.0,1.0,0.0,0.0,1.0,0.0,1.0
3828279390.995,1.0,1.0,1.0,0.0,1.0,0.0,0.0,1.0,0.0,1.0
3828279391.995,1.0,1.0,1.0,0.0,1.0,0.0,0.0,1.0,0.0,1.0
3828279392.995,1.0,1.0,1.0,0.0,1.0,0.0,0.0,1.0,0.0,1.0
3828279393.995,1.0,1.0,1.0,0.0,1.0,0.0,0.0,1.0,0.0,1.0
3828279394.995,1.0,1.0,1.0,0.0,1.0,0.0,0.0,1.0,0.0,1.0
3828279395.995,1.0,1.0,1.0,0.0,1.0,0.0,0.0,1.0,0.0,1.0
3828279396.995,1.0,1.0,1.0,0.0,1.0,0.0,0.0,1.0,0.0,1.0
3828279397.995,1.0,1.0,1.0,0.0,1.0,0.0,0.0,1.0,0.0,1.0
3828279398.995,1.0,1.0,1.0,0.0,1.0,0.0,0.0,1.0,0.0,1.0
3828279400.049,1.0,0.0,1.0,0.0,1.0,0.0,0.0,0.0,0.0,0.0
3828279401.049,1.0,0.0,1.0,0.0,1.0,0.0,0.0,0.0,0.0,0.0
3828279402.049,1.0,0.0,1.0,0.0,1.0,0.0,0.0,0.0,0.0,0.0
3828279403.049,1.0,0.0,1.0,0.0,1.0,0.0,0.0,0.0,0.0,0.0
3828279404.049,1.0,0.0,1.0,0.0,1.0,0.0,0.0,0.0,0.0,0.0
3828279405.049,1.0,0.0,1.0,0.0,1.0,0.0,0.0,0.0,0.0,0.0
3828279406.049,1.0,0.0,1.0,0.0,1.0,0.0,0.0,0.0,0.0,0.0
3828279407.049,1.0,0.0,1.0,0.0,1.0,0.0,0.0,0.0,0.0,0.0
3828279408.049,1.0,0.0,1.0,0.0,1.0,0.0,0.0,0.0,0.0,0.0
3828279409.049,1.0,0.0,1.0,0.0,1.0,0.0,0.0,0.0,0.0,0.0
3828279410.078,1.0,0.0,1.0,0.0,1.0,0.0,0.0,0.0,0.0,0.0
3828279411.078,1.0,0.0,1.0,0.0,1.0,0.0,0.0,0.0,0.0,0.0
3828279412.078,1.0,0.0,1.0,0.0,1.0,0.0,0.0,0.0,0.0,0.0
3828279413.078,1.0,0.0,1.0,0.0,1.0,0.0,0.0,0.0,0.0,0.0
3828279414.078,1.0,0.0,1.0,0.0,1.0,0.0,0.0,0.0,0.0,0.0
3828279415.078,1.0,0.0,1.0,0.0,1.0,0.0,0.0,0.0,0.0,0.0
3828279416.078,1.0,0.0,1.0,0.0,1.0,0.0,0.0,0.0,0.0,0.0
3828279417.078,1.0,0.0,1.0,0.0,1.0,0.0,0.0,0.0,0.0,0.0
3828279418.078,1.0,0.0,1.0,0.0,1.0,0.0,0.0,0.0,0.0,0.0
3828279419.078,1.0,0.0,1.0,0.0,1.0,0.0,0.0,0.0,0.0,0.0
3828279420.052,1.0,0.0,1.0,0.0,1.0,0.0,0.0,0.0,0.0,0.0
3828279421.052,1.0,0.0,1.0,0.0,1.0,0.0,0.0,0.0,0.0,0.0
3828279422.052,1.0,0.0,1.0,0.0,1.0,0.0,0.0,0.0,0.0,0.0
3828279423.052,1.0,0.0,1.0,0.0,1.0,0.0,0.0,0.0,0.0,0.0
3828279424.052,1.0,0.0,1.0,0.0,1.0,0.0,0.0,0.0,0.0,0.0
3828279425.052,1.0,0.0,1.0,0.0,1.0,0.0,0.0,0.0,0.0,0.0
3828279426.052,1.0,0.0,1.0,0.0,1.0,0.0,0.0,0.0,0.0,0.0
3828279427.052,1.0,0.0,1.0,0.0,1.0,0.0,0.0,0.0,0.0,0.0
3828279428.052,1.0,0.0,1.0,0.0,1.0,0.0,0.0,0.0,0.0,0.0
3828279429.052,1.0,0.0,1.0,0.0,1.0,0.0,0.0,0.0,0.0,0.0
3828279430.051,1.0,0.0,1.0,0.0,1.0,0.0,0.0,0.0,0.0,0.0
3828279431.051,1.0,0.0,1.0,0.0,1.0,0.0,0.0,0.0,0.0,0.0
3828279432.051,1.0,0.0,1.0,0.0,1.0,0.0,0.0,0.0,0.0,0.0
3828279433.051,1.0,0.0,1.0,0.0,1.0,0.0,0.0,0.0,0.0,0.0
3828279434.051,1.0,0.0,1.0,0.0,1.0,0.0,0.0,0.0,0.0,0.0
3828279435.051,1.0,0.0,1.0,0.0,1.0,0.0,0.0,0.0,0.0,0.0
3828279436.051,1.0,0.0,1.0,0.0,1.0,0.0,0.0,0.0,0.0,0.0
3828279437.051,1.0,0.0,1.0,0.0,1.0,0.0,0.0,0.0,0.0,0.0
3828279438.051,1.0,0.0,1.0,0.0,1.0,0.0,0.0,0.0,0.0,0.0
3828279439.051,1.0,0.0,1.0,0.0,1.0,0.0,0.0,0.0,0.0,0.0
3828279440.033,1.0,0.0,1.0,0.0,1.0,0.0,0.0,0.0,0.0,0.0
3828279441.033,1.0,0.0,1.0,0.0,1.0,0.0,0.0,0.0,0.0,0.0
3828279442.033,1.0,0.0,1.0,0.0,1.0,0.0,0.0,0.0,0.0,0.0
3828279443.033,1.0,0.0,1.0,0.0,1.0,0.0,0.0,0.0,0.0,0.0
3828279444.033,1.0,0.0,1.0,0.0,1.0,0.0,0.0,0.0,0.0,0.0
3828279445.033,1.0,0.0,1.0,0.0,1.0,0.0,0.0,0.0,0.0,0.0
3828279446.033,1.0,0.0,1.0,0.0,1.0,0.0,0.0,0.0,0.0,0.0
3828279447.033,1.0,0.0,1.0,0.0,1.0,0.0,0.0,0.0,0.0,0.0
3828279448.033,1.0,0.0,1.0,0.0,1.0,0.0,0.0,0.0,0.0,0.0
3828279449.033,1.0,0.0,1.0,0.0,1.0,0.0,0.0,0.0,0.0,0.0
3828279450.059,1.0,0.0,1.0,0.0,1.0,0.0,0.0,0.0,0.0,0.0
3828279451.059,1.0,0.0,1.0,0.0,1.0,0.0,0.0,0.0,0.0,0.0
3828279452.059,1.0,0.0,1.0,0.0,1.0,0.0,0.0,0.0,0.0,0.0
3828279453.059,1.0,0.0,1.0,0.0,1.0,0.0,0.0,0.0,0.0,0.0
3828279454.059,1.0,0.0,1.0,0.0,1.0,0.0,0.0,0.0,0.0,0.0
3828279455.059,1.0,0.0,1.0,0.0,1.0,0.0,0.0,0.0,0.0,0.0
3828279456.059,1.0,0.0,1.0,0.0,1.0,0.0,0.0,0.0,0.0,0.0
3828279457.059,1.0,0.0,1.0,0.0,1.0,0.0,0.0,0.0,0.0,0.0
3828279458.059,1.0,0.0,1.0,0.0,1.0,0.0,0.0,0.0,0.0,0.0
3828279459.059,1.0,0.0,1.0,0.0,1.0,0.0,0.0,0.0,0.0,0.0
3828279460.028,1.0,0.0,1.0,0.0,1.0,0.0,0.0,0.0,0.0,0.0
3828279461.028,1.0,0.0,1.0,0.0,1.0,0.0,0.0,0.0,0.0,0.0
3828279462.028,1.0,0.0,1.0,0.0,1.0,0.0,0.0,0.0,0.0,0.0
3828279463.028,1.0,0.0,1.0,0.0,1.0,0.0,0.0,0.0,0.0,0.0
3828279464.028,1.0,0.0,1.0,0.0,1.0,0.0,0.0,0.0,0.0,0.0
3828279465.028,1.0,0.0,1.0,0.0,1.0,0.0,0.0,0.0,0.0,0.0
3828279466.028,1.0,0.0,1.0,0.0,1.0,0.0,0.0,0.0,0.0,0.0
3828279467.028,1.0,0.0,1.0,0.0,1.0,0.0,0.0,0.0,0.0,0.0
3828279468.028,1.0,0.0,1.0,0.0,1.0,0.0,0.0,0.0,0.0,0.0
3828279469.028,1.0,0.0,1.0,0.0,1.0,0.0,0.0,0.0,0.0,0.0
3828279470.058,1.0,0.0,1.0,0.0,1.0,0.0,0.0,0.0,0.0,0.0
3828279471.058,1.0,0.0,1.0,0.0,1.0,0.0,0.0,0.0,0.0,0.0
3828279472.058,1.0,0.0,1.0,0.0,1.0,0.0,0.0,0.0,0.0,0.0
3828279473.058,1.0,0.0,1.0,0.0,1.0,0.0,0.0,0.0,0.0,0.0
3828279474.058,1.0,0.0,1.0,0.0,1.0,0.0,0.0,0.0,0.0,0.0
3828279475.058,1.0,0.0,1.0,0.0,1.0,0.0,0.0,0.0,0.0,0.0
3828279476.058,1.0,0.0,1.0,0.0,1.0,0.0,0.0,0.0,0.0,0.0
3828279477.058,1.0,0.0,1.0,0.0,1.0,0.0,0.0,0.0,0.0,0.0
3828279478.058,1.0,0.0,1.0,0.0,1.0,0.0,0.0,0.0,0.0,0.0
3828279479.058,1.0,0.0,1.0,0.0,1.0,0.0,0.0,0.0,0.0,0.0
3828279480.077,1.0,0.0,1.0,0.0,1.0,0.0,0.0,0.0,0.0,0.0
3828279481.077,1.0,0.0,1.0,0.0,1.0,0.0,0.0,0.0,0.0,0.0
3828279482.077,1.0,0.0,1.0,0.0,1.0,0.0,0.0,0.0,0.0,0.0
3828279483.077,1.0,0.0,1.0,0.0,1.0,0.0,0.0,0.0,0.0,0.0
3828279484.077,1.0,0.0,1.0,0.0,1.0,0.0,0.0,0.0,0.0,0.0
3828279485.077,1.0,0.0,1.0,0.0,1.0,0.0,0.0,0.0,0.0,0.0
3828279486.077,1.0,0.0,1.0,0.0,1.0,0.0,0.0,0.0,0.0,0.0
3828279487.077,1.0,0.0,1.0,0.0,1.0,0.0,0.0,0.0,0.0,0.0
3828279488.077,1.0,0.0,1.0,0.0,1.0,0.0,0.0,0.0,0.0,0.0
3828279489.077,1.0,0.0,1.0,0.0,1.0,0.0,0.0,0.0,0.0,0.0
3828279490.045,1.0,0.0,1.0,0.0,1.0,0.0,0.0,0.0,0.0,0.0
3828279491.045,1.0,0.0,1.0,0.0,1.0,0.0,0.0,0.0,0.0,0.0
3828279492.045,1.0,0.0,1.0,0.0,1.0,0.0,0.0,0.0,0.0,0.0
3828279493.045,1.0,0.0,1.0,0.0,1.0,0.0,0.0,0.0,0.0,0.0
3828279494.045,1.0,0.0,1.0,0.0,1.0,0.0,0.0,0.0,0.0,0.0
3828279495.045,1.0,0.0,1.0,0.0,1.0,0.0,0.0,0.0,0.0,0.0
3828279496.045,1.0,0.0,1.0,0.0,1.0,0.0,0.0,0.0,0.0,0.0
3828279497.045,1.0,0.0,1.0,0.0,1.0,0.0,0.0,0.0,0.0,0.0
3828279498.045,1.0,0.0,1.0,0.0,1.0,0.0,0.0,0.0,0.0,0.0
3828279499.045,1.0,0.0,1.0,0.0,1.0,0.0,0.0,0.0,0.0,0.0
3828279500.075,1.0,0.0,1.0,0.0,1.0,0.0,0.0,0.0,0.0,0.0
3828279501.075,1.0,0.0,1.0,0.0,1.0,0.0,0.0,0.0,0.0,0.0
3828279502.075,1.0,0.0,1.0,0.0,1.0,0.0,0.0,0.0,0.0,0.0
3828279503.075,1.0,0.0,1.0,0.0,1.0,0.0,0.0,0.0,0.0,0.0
3828279504.075,1.0,0.0,1.0,0.0,1.0,0.0,0.0,0.0,0.0,0.0
3828279505.075,1.0,0.0,1.0,0.0,1.0,0.0,0.0,0.0,0.0,0.0
3828279506.075,1.0,0.0,1.0,0.0,1.0,0.0,0.0,0.0,0.0,0.0
3828279507.075,1.0,0.0,1.0,0.0,1.0,0.0,0.0,0.0,0.0,0.0
3828279508.075,1.0,0.0,1.0,0.0,1.0,0.0,0.0,0.0,0.0,0.0
3828279509.075,1.0,0.0,1.0,0.0,1.0,0.0,0.0,0.0,0.0,0.0
3828279510.108,1.0,0.0,1.0,0.0,1.0,0.0,0.0,0.0,0.0,0.0
3828279511.108,1.0,0.0,1.0,0.0,1.0,0.0,0.0,0.0,0.0,0.0
3828279512.108,1.0,0.0,1.0,0.0,1.0,0.0,0.0,0.0,0.0,0.0
3828279513.108,1.0,0.0,1.0,0.0,1.0,0.0,0.0,0.0,0.0,0.0
3828279514.108,1.0,0.0,1.0,0.0,1.0,0.0,0.0,0.0,0.0,0.0
3828279515.108,1.0,0.0,1.0,0.0,1.0,0.0,0.0,0.0,0.0,0.0
3828279516.108,1.0,0.0,1.0,0.0,1.0,0.0,0.0,0.0,0.0,0.0
3828279517.108,1.0,0.0,1.0,0.0,1.0,0.0,0.0,0.0,0.0,0.0
3828279518.108,1.0,0.0,1.0,0.0,1.0,0.0,0.0,0.0,0.0,0.0
3828279519.108,1.0,0.0,1.0,0.0,1.0,0.0,0.0,0.0,0.0,0.0
3828279520.14,1.0,0.0,1.0,0.0,1.0,0.0,0.0,0.0,0.0,0.0
3828279521.14,1.0,0.0,1.0,0.0,1.0,0.0,0.0,0.0,0.0,0.0
3828279522.14,1.0,0.0,1.0,0.0,1.0,0.0,0.0,0.0,0.0,0.0
3828279523.14,1.0,0.0,1.0,0.0,1.0,0.0,0.0,0.0,0.0,0.0
3828279524.14,1.0,0.0,1.0,0.0,1.0,0.0,0.0,0.0,0.0,0.0
3828279525.14,1.0,0.0,1.0,0.0,1.0,0.0,0.0,0.0,0.0,0.0
3828279526.14,1.0,0.0,1.0,0.0,1.0,0.0,0.0,0.0,0.0,0.0
3828279527.14,1.0,0.0,1.0,0.0,1.0,0.0,0.0,0.0,0.0,0.0
3828279528.14,1.0,0.0,1.0,0.0,1.0,0.0,0.0,0.0,0.0,0.0
3828279529.14,1.0,0.0,1.0,0.0,1.0,0.0,0.0,0.0,0.0,0.0
3828279530.169,1.0,0.0,1.0,0.0,1.0,0.0,0.0,0.0,0.0,0.0
3828279531.169,1.0,0.0,1.0,0.0,1.0,0.0,0.0,0.0,0.0,0.0
3828279532.169,1.0,0.0,1.0,0.0,1.0,0.0,0.0,0.0,0.0,0.0
3828279533.169,1.0,0.0,1.0,0.0,1.0,0.0,0.0,0.0,0.0,0.0
3828279534.169,1.0,0.0,1.0,0.0,1.0,0.0,0.0,0.0,0.0,0.0
3828279535.169,1.0,0.0,1.0,0.0,1.0,0.0,0.0,0.0,0.0,0.0
3828279536.169,1.0,0.0,1.0,0.0,1.0,0.0,0.0,0.0,0.0,0.0
3828279537.169,1.0,0.0,1.0,0.0,1.0,0.0,0.0,0.0,0.0,0.0
3828279538.169,1.0,0.0,1.0,0.0,1.0,0.0,0.0,0.0,0.0,0.0
3828279539.169,1.0,0.0,1.0,0.0,1.0,0.0,0.0,0.0,0.0,0.0
3828279540.2,1.0,0.0,1.0,0.0,1.0,0.0,0.0,0.0,0.0,0.0
3828279541.2,1.0,0.0,1.0,0.0,1.0,0.0,0.0,0.0,0.0,0.0
3828279542.2,1.0,0.0,1.0,0.0,1.0,0.0,0.0,0.0,0.0,0.0
3828279543.2,1.0,0.0,1.0,0.0,1.0,0.0,0.0,0.0,0.0,0.0
3828279544.2,1.0,0.0,1.0,0.0,1.0,0.0,0.0,0.0,0.0,0.0
3828279545.2,1.0,0.0,1.0,0.0,1.0,0.0,0.0,0.0,0.0,0.0
3828279546.2,1.0,0.0,1.0,0.0,1.0,0.0,0.0,0.0,0.0,0.0
3828279547.2,1.0,0.0,1.0,0.0,1.0,0.0,0.0,0.0,0.0,0.0
3828279548.2,1.0,0.0,1.0,0.0,1.0,0.0,0.0,0.0,0.0,0.0
3828279549.2,1.0,0.0,1.0,0.0,1.0,0.0,0.0,0.0,0.0,0.0
3828279550.166,1.0,0.0,1.0,0.0,1.0,0.0,0.0,0.0,0.0,0.0
3828279551.166,1.0,0.0,1.0,0.0,1.0,0.0,0.0,0.0,0.0,0.0
3828279552.166,1.0,0.0,1.0,0.0,1.0,0.0,0.0,0.0,0.0,0.0
3828279553.166,1.0,0.0,1.0,0.0,1.0,0.0,0.0,0.0,0.0,0.0
3828279554.166,1.0,0.0,1.0,0.0,1.0,0.0,0.0,0.0,0.0,0.0
3828279555.166,1.0,0.0,1.0,0.0,1.0,0.0,0.0,0.0,0.0,0.0
3828279556.166,1.0,0.0,1.0,0.0,1.0,0.0,0.0,0.0,0.0,0.0
3828279557.166,1.0,0.0,1.0,0.0,1.0,0.0,0.0,0.0,0.0,0.0
3828279558.166,1.0,0.0,1.0,0.0,1.0,0.0,0.0,0.0,0.0,0.0
3828279559.166,1.0,0.0,1.0,0.0,1.0,0.0,0.0,0.0,0.0,0.0
3828279560.138,1.0,0.0,1.0,0.0,1.0,0.0,0.0,0.0,0.0,0.0
3828279561.138,1.0,0.0,1.0,0.0,1.0,0.0,0.0,0.0,0.0,0.0
3828279562.138,1.0,0.0,1.0,0.0,1.0,0.0,0.0,0.0,0.0,0.0
3828279563.138,1.0,0.0,1.0,0.0,1.0,0.0,0.0,0.0,0.0,0.0
3828279564.138,1.0,0.0,1.0,0.0,1.0,0.0,0.0,0.0,0.0,0.0
3828279565.138,1.0,0.0,1.0,0.0,1.0,0.0,0.0,0.0,0.0,0.0
3828279566.138,1.0,0.0,1.0,0.0,1.0,0.0,0.0,0.0,0.0,0.0
3828279567.138,1.0,0.0,1.0,0.0,1.0,0.0,0.0,0.0,0.0,0.0
3828279568.138,1.0,0.0,1.0,0.0,1.0,0.0,0.0,0.0,0.0,0.0
3828279569.138,1.0,0.0,1.0,0.0,1.0,0.0,0.0,0.0,0.0,0.0
3828279570.139,1.0,0.0,1.0,0.0,1.0,0.0,0.0,0.0,0.0,0.0
3828279571.139,1.0,0.0,1.0,0.0,1.0,0.0,0.0,0.0,0.0,0.0
3828279572.139,1.0,0.0,1.0,0.0,1.0,0.0,0.0,0.0,0.0,0.0
3828279573.139,1.0,0.0,1.0,0.0,1.0,0.0,0.0,0.0,0.0,0.0
3828279574.139,1.0,0.0,1.0,0.0,1.0,0.0,0.0,0.0,0.0,0.0
3828279575.139,1.0,0.0,1.0,0.0,1.0,0.0,0.0,0.0,0.0,0.0
3828279576.139,1.0,0.0,1.0,0.0,1.0,0.0,0.0,0.0,0.0,0.0
3828279577.139,1.0,0.0,1.0,0.0,1.0,0.0,0.0,0.0,0.0,0.0
3828279578.139,1.0,0.0,1.0,0.0,1.0,0.0,0.0,0.0,0.0,0.0
3828279579.139,1.0,0.0,1.0,0.0,1.0,0.0,0.0,0.0,0.0,0.0
3828279580.134,1.0,0.0,1.0,0.0,0.0,0.0,0.0,0.0,0.0,0.0
3828279581.134,1.0,0.0,1.0,0.0,0.0,0.0,0.0,0.0,0.0,0.0
3828279582.134,1.0,0.0,1.0,0.0,0.0,0.0,0.0,0.0,0.0,0.0
3828279583.134,1.0,0.0,1.0,0.0,0.0,0.0,0.0,0.0,0.0,0.0
3828279584.134,1.0,0.0,1.0,0.0,0.0,0.0,0.0,0.0,0.0,0.0
3828279585.134,1.0,0.0,1.0,0.0,0.0,0.0,0.0,0.0,0.0,0.0
3828279586.134,1.0,0.0,1.0,0.0,0.0,0.0,0.0,0.0,0.0,0.0
3828279587.134,1.0,0.0,1.0,0.0,0.0,0.0,0.0,0.0,0.0,0.0
3828279588.134,1.0,0.0,1.0,0.0,0.0,0.0,0.0,0.0,0.0,0.0
3828279589.134,1.0,0.0,1.0,0.0,0.0,0.0,0.0,0.0,0.0,0.0
3828279590.168,1.0,0.0,1.0,0.0,0.0,0.0,0.0,0.0,0.0,0.0
3828279591.168,1.0,0.0,1.0,0.0,0.0,0.0,0.0,0.0,0.0,0.0
3828279592.168,1.0,0.0,1.0,0.0,0.0,0.0,0.0,0.0,0.0,0.0
3828279593.168,1.0,0.0,1.0,0.0,0.0,0.0,0.0,0.0,0.0,0.0
3828279594.168,1.0,0.0,1.0,0.0,0.0,0.0,0.0,0.0,0.0,0.0
3828279595.168,1.0,0.0,1.0,0.0,0.0,0.0,0.0,0.0,0.0,0.0
3828279596.168,1.0,0.0,1.0,0.0,0.0,0.0,0.0,0.0,0.0,0.0
3828279597.168,1.0,0.0,1.0,0.0,0.0,0.0,0.0,0.0,0.0,0.0
3828279598.168,1.0,0.0,1.0,0.0,0.0,0.0,0.0,0.0,0.0,0.0
3828279599.168,1.0,0.0,1.0,0.0,0.0,0.0,0.0,0.0,0.0,0.0
3828279600.123,1.0,0.0,1.0,0.0,0.0,0.0,0.0,0.0,0.0,0.0
3828279601.123,1.0,0.0,1.0,0.0,0.0,0.0,0.0,0.0,0.0,0.0
3828279602.123,1.0,0.0,1.0,0.0,0.0,0.0,0.0,0.0,0.0,0.0
3828279603.123,1.0,0.0,1.0,0.0,0.0,0.0,0.0,0.0,0.0,0.0
3828279604.123,1.0,0.0,1.0,0.0,0.0,0.0,0.0,0.0,0.0,0.0
3828279605.123,1.0,0.0,1.0,0.0,0.0,0.0,0.0,0.0,0.0,0.0
3828279606.123,1.0,0.0,1.0,0.0,0.0,0.0,0.0,0.0,0.0,0.0
3828279607.123,1.0,0.0,1.0,0.0,0.0,0.0,0.0,0.0,0.0,0.0
3828279608.123,1.0,0.0,1.0,0.0,0.0,0.0,0.0,0.0,0.0,0.0
3828279609.123,1.0,0.0,1.0,0.0,0.0,0.0,0.0,0.0,0.0,0.0
3828279610.15,1.0,0.0,1.0,0.0,0.0,0.0,0.0,0.0,0.0,0.0
3828279611.15,1.0,0.0,1.0,0.0,0.0,0.0,0.0,0.0,0.0,0.0
3828279612.15,1.0,0.0,1.0,0.0,0.0,0.0,0.0,0.0,0.0,0.0
3828279613.15,1.0,0.0,1.0,0.0,0.0,0.0,0.0,0.0,0.0,0.0
3828279614.15,1.0,0.0,1.0,0.0,0.0,0.0,0.0,0.0,0.0,0.0
3828279615.15,1.0,0.0,1.0,0.0,0.0,0.0,0.0,0.0,0.0,0.0
3828279616.15,1.0,0.0,1.0,0.0,0.0,0.0,0.0,0.0,0.0,0.0
3828279617.15,1.0,0.0,1.0,0.0,0.0,0.0,0.0,0.0,0.0,0.0
3828279618.15,1.0,0.0,1.0,0.0,0.0,0.0,0.0,0.0,0.0,0.0
3828279619.15,1.0,0.0,1.0,0.0,0.0,0.0,0.0,0.0,0.0,0.0
3828279620.185,1.0,0.0,1.0,0.0,0.0,0.0,0.0,0.0,0.0,0.0
3828279621.185,1.0,0.0,1.0,0.0,0.0,0.0,0.0,0.0,0.0,0.0
3828279622.185,1.0,0.0,1.0,0.0,0.0,0.0,0.0,0.0,0.0,0.0
3828279623.185,1.0,0.0,1.0,0.0,0.0,0.0,0.0,0.0,0.0,0.0
3828279624.185,1.0,0.0,1.0,0.0,0.0,0.0,0.0,0.0,0.0,0.0
3828279625.185,1.0,0.0,1.0,0.0,0.0,0.0,0.0,0.0,0.0,0.0
3828279626.185,1.0,0.0,1.0,0.0,0.0,0.0,0.0,0.0,0.0,0.0
3828279627.185,1.0,0.0,1.0,0.0,0.0,0.0,0.0,0.0,0.0,0.0
3828279628.185,1.0,0.0,1.0,0.0,0.0,0.0,0.0,0.0,0.0,0.0
3828279629.185,1.0,0.0,1.0,0.0,0.0,0.0,0.0,0.0,0.0,0.0
3828279630.214,1.0,0.0,1.0,0.0,0.0,0.0,0.0,0.0,0.0,0.0
3828279631.214,1.0,0.0,1.0,0.0,0.0,0.0,0.0,0.0,0.0,0.0
3828279632.214,1.0,0.0,1.0,0.0,0.0,0.0,0.0,0.0,0.0,0.0
3828279633.214,1.0,0.0,1.0,0.0,0.0,0.0,0.0,0.0,0.0,0.0
3828279634.214,1.0,0.0,1.0,0.0,0.0,0.0,0.0,0.0,0.0,0.0
3828279635.214,1.0,0.0,1.0,0.0,0.0,0.0,0.0,0.0,0.0,0.0
3828279636.214,1.0,0.0,1.0,0.0,0.0,0.0,0.0,0.0,0.0,0.0
3828279637.214,1.0,0.0,1.0,0.0,0.0,0.0,0.0,0.0,0.0,0.0
3828279638.214,1.0,0.0,1.0,0.0,0.0,0.0,0.0,0.0,0.0,0.0
3828279639.214,1.0,0.0,1.0,0.0,0.0,0.0,0.0,0.0,0.0,0.0
