3828290346.182,0.0,1.0,0.0,1.0,0.0,0.0,1.0,0.0,0.0,0.0
3828290347.182,0.0,1.0,0.0,1.0,0.0,0.0,1.0,0.0,0.0,0.0
3828290348.182,0.0,1.0,0.0,1.0,0.0,0.0,1.0,0.0,0.0,0.0
3828290349.182,0.0,1.0,0.0,1.0,0.0,0.0,1.0,0.0,0.0,0.0
3828290350.182,0.0,1.0,0.0,1.0,0.0,0.0,1.0,0.0,0.0,0.0
3828290351.182,0.0,1.0,0.0,1.0,0.0,0.0,1.0,0.0,0.0,0.0
3828290352.182,0.0,1.0,0.0,1.0,0.0,0.0,1.0,0.0,0.0,0.0
3828290353.182,0.0,1.0,0.0,1.0,0.0,0.0,1.0,0.0,0.0,0.0
3828290354.182,0.0,1.0,0.0,1.0,0.0,0.0,1.0,0.0,0.0,0.0
3828290355.182,0.0,1.0,0.0,1.0,0.0,0.0,1.0,0.0,0.0,0.0
3828290356.21,1.0,1.0,0.0,1.0,0.0,0.0,0.0,0.0,0.0,0.0
3828290357.21,1.0,1.0,0.0,1.0,0.0,0.0,0.0,0.0,0.0,0.0
3828290358.21,1.0,1.0,0.0,1.0,0.0,0.0,0.0,0.0,0.0,0.0
3828290359.21,1.0,1.0,0.0,1.0,0.0,0.0,0.0,0.0,0.0,0.0
3828290360.21,1.0,1.0,0.0,1.0,0.0,0.0,0.0,0.0,0.0,0.0
3828290361.21,1.0,1.0,0.0,1.0,0.0,0.0,0.0,0.0,0.0,0.0
3828290362.21,1.0,1.0,0.0,1.0,0.0,0.0,0.0,0.0,0.0,0.0
3828290363.21,1.0,1.0,0.0,1.0,0.0,0.0,0.0,0.0,0.0,0.0
3828290364.21,1.0,1.0,0.0,1.0,0.0,0.0,0.0,0.0,0.0,0.0
3828290365.21,1.0,1.0,0.0,1.0,0.0,0.0,0.0,0.0,0.0,0.0
3828290366.214,1.0,0.0,0.0,1.0,0.0,0.0,0.0,0.0,0.0,0.0
3828290367.214,1.0,0.0,0.0,1.0,0.0,0.0,0.0,0.0,0.0,0.0
3828290368.214,1.0,0.0,0.0,1.0,0.0,0.0,0.0,0.0,0.0,0.0
3828290369.214,1.0,0.0,0.0,1.0,0.0,0.0,0.0,0.0,0.0,0.0
3828290370.214,1.0,0.0,0.0,1.0,0.0,0.0,0.0,0.0,0.0,0.0
3828290371.214,1.0,0.0,0.0,1.0,0.0,0.0,0.0,0.0,0.0,0.0
3828290372.214,1.0,0.0,0.0,1.0,0.0,0.0,0.0,0.0,0.0,0.0
3828290373.214,1.0,0.0,0.0,1.0,0.0,0.0,0.0,0.0,0.0,0.0
3828290374.214,1.0,0.0,0.0,1.0,0.0,0.0,0.0,0.0,0.0,0.0
3828290375.214,1.0,0.0,0.0,1.0,0.0,0.0,0.0,0.0,0.0,0.0
3828290376.166,1.0,0.0,0.0,1.0,0.0,0.0,0.0,0.0,0.0,0.0
3828290377.166,1.0,0.0,0.0,1.0,0.0,0.0,0.0,0.0,0.0,0.0
3828290378.166,1.0,0.0,0.0,1.0,0.0,0.0,0.0,0.0,0.0,0.0
3828290379.166,1.0,0.0,0.0,1.0,0.0,0.0,0.0,0.0,0.0,0.0
3828290380.166,1.0,0.0,0.0,1.0,0.0,0.0,0.0,0.0,0.0,0.0
3828290381.166,1.0,0.0,0.0,1.0,0.0,0.0,0.0,0.0,0.0,0.0
3828290382.166,1.0,0.0,0.0,1.0,0.0,0.0,0.0,0.0,0.0,0.0
3828290383.166,1.0,0.0,0.0,1.0,0.0,0.0,0.0,0.0,0.0,0.0
3828290384.166,1.0,0.0,0.0,1.0,0.0,0.0,0.0,0.0,0.0,0.0
3828290385.166,1.0,0.0,0.0,1.0,0.0,0.0,0.0,0.0,0.0,0.0
3828290386.168,0.0,0.0,0.0,1.0,0.0,0.0,0.0,0.0,0.0,0.0
3828290387.168,0.0,0.0,0.0,1.0,0.0,0.0,0.0,0.0,0.0,0.0
3828290388.168,0.0,0.0,0.0,1.0,0.0,0.0,0.0,0.0,0.0,0.0
3828290389.168,0.0,0.0,0.0,1.0,0.0,0.0,0.0,0.0,0.0,0.0
3828290390.168,0.0,0.0,0.0,1.0,0.0,0.0,0.0,0.0,0.0,0.0
3828290391.168,0.0,0.0,0.0,1.0,0.0,0.0,0.0,0.0,0.0,0.0
3828290392.168,0.0,0.0,0.0,1.0,0.0,0.0,0.0,0.0,0.0,0.0
3828290393.168,0.0,0.0,0.0,1.0,0.0,0.0,0.0,0.0,0.0,0.0
3828290394.168,0.0,0.0,0.0,1.0,0.0,0.0,0.0,0.0,0.0,0.0
3828290395.168,0.0,0.0,0.0,1.0,0.0,0.0,0.0,0.0,0.0,0.0
3828290396.148,0.0,0.0,0.0,1.0,0.0,0.0,0.0,0.0,0.0,0.0
3828290397.148,0.0,0.0,0.0,1.0,0.0,0.0,0.0,0.0,0.0,0.0
3828290398.148,0.0,0.0,0.0,1.0,0.0,0.0,0.0,0.0,0.0,0.0
3828290399.148,0.0,0.0,0.0,1.0,0.0,0.0,0.0,0.0,0.0,0.0
3828290400.148,0.0,0.0,0.0,1.0,0.0,0.0,0.0,0.0,0.0,0.0
3828290401.148,0.0,0.0,0.0,1.0,0.0,0.0,0.0,0.0,0.0,0.0
3828290402.148,0.0,0.0,0.0,1.0,0.0,0.0,0.0,0.0,0.0,0.0
3828290403.148,0.0,0.0,0.0,1.0,0.0,0.0,0.0,0.0,0.0,0.0
3828290404.148,0.0,0.0,0.0,1.0,0.0,0.0,0.0,0.0,0.0,0.0
3828290405.148,0.0,0.0,0.0,1.0,0.0,0.0,0.0,0.0,0.0,0.0
3828290406.101,0.0,0.0,0.0,1.0,0.0,0.0,0.0,0.0,0.0,0.0
3828290407.101,0.0,0.0,0.0,1.0,0.0,0.0,0.0,0.0,0.0,0.0
3828290408.101,0.0,0.0,0.0,1.0,0.0,0.0,0.0,0.0,0.0,0.0
3828290409.101,0.0,0.0,0.0,1.0,0.0,0.0,0.0,0.0,0.0,0.0
3828290410.101,0.0,0.0,0.0,1.0,0.0,0.0,0.0,0.0,0.0,0.0
3828290411.101,0.0,0.0,0.0,1.0,0.0,0.0,0.0,0.0,0.0,0.0
3828290412.101,0.0,0.0,0.0,1.0,0.0,0.0,0.0,0.0,0.0,0.0
3828290413.101,0.0,0.0,0.0,1.0,0.0,0.0,0.0,0.0,0.0,0.0
3828290414.101,0.0,0.0,0.0,1.0,0.0,0.0,0.0,0.0,0.0,0.0
3828290415.101,0.0,0.0,0.0,1.0,0.0,0.0,0.0,0.0,0.0,0.0
3828290416.104,0.0,0.0,0.0,1.0,0.0,0.0,0.0,0.0,0.0,0.0
3828290417.104,0.0,0.0,0.0,1.0,0.0,0.0,0.0,0.0,0.0,0.0
3828290418.104,0.0,0.0,0.0,1.0,0.0,0.0,0.0,0.0,0.0,0.0
3828290419.104,0.0,0.0,0.0,1.0,0.0,0.0,0.0,0.0,0.0,0.0
3828290420.104,0.0,0.0,0.0,1.0,0.0,0.0,0.0,0.0,0.0,0.0
3828290421.104,0.0,0.0,0.0,1.0,0.0,0.0,0.0,0.0,0.0,0.0
3828290422.104,0.0,0.0,0.0,1.0,0.0,0.0,0.0,0.0,0.0,0.0
3828290423.104,0.0,0.0,0.0,1.0,0.0,0.0,0.0,0.0,0.0,0.0
3828290424.104,0.0,0.0,0.0,1.0,0.0,0.0,0.0,0.0,0.0,0.0
3828290425.104,0.0,0.0,0.0,1.0,0.0,0.0,0.0,0.0,0.0,0.0
3828290426.131,0.0,0.0,0.0,1.0,0.0,0.0,0.0,0.0,0.0,0.0
3828290427.131,0.0,0.0,0.0,1.0,0.0,0.0,0.0,0.0,0.0,0.0
3828290428.131,0.0,0.0,0.0,1.0,0.0,0.0,0.0,0.0,0.0,0.0
3828290429.131,0.0,0.0,0.0,1.0,0.0,0.0,0.0,0.0,0.0,0.0
3828290430.131,0.0,0.0,0.0,1.0,0.0,0.0,0.0,0.0,0.0,0.0
3828290431.131,0.0,0.0,0.0,1.0,0.0,0.0,0.0,0.0,0.0,0.0
3828290432.131,0.0,0.0,0.0,1.0,0.0,0.0,0.0,0.0,0.0,0.0
3828290433.131,0.0,0.0,0.0,1.0,0.0,0.0,0.0,0.0,0.0,0.0
3828290434.131,0.0,0.0,0.0,1.0,0.0,0.0,0.0,0.0,0.0,0.0
3828290435.131,0.0,0.0,0.0,1.0,0.0,0.0,0.0,0.0,0.0,0.0
3828290436.134,0.0,0.0,0.0,1.0,0.0,0.0,0.0,0.0,0.0,0.0
3828290437.134,0.0,0.0,0.0,1.0,0.0,0.0,0.0,0.0,0.0,0.0
3828290438.134,0.0,0.0,0.0,1.0,0.0,0.0,0.0,0.0,0.0,0.0
3828290439.134,0.0,0.0,0.0,1.0,0.0,0.0,0.0,0.0,0.0,0.0
3828290440.134,0.0,0.0,0.0,1.0,0.0,0.0,0.0,0.0,0.0,0.0
3828290441.134,0.0,0.0,0.0,1.0,0.0,0.0,0.0,0.0,0.0,0.0
3828290442.134,0.0,0.0,0.0,1.0,0.0,0.0,0.0,0.0,0.0,0.0
3828290443.134,0.0,0.0,0.0,1.0,0.0,0.0,0.0,0.0,0.0,0.0
3828290444.134,0.0,0.0,0.0,1.0,0.0,0.0,0.0,0.0,0.0,0.0
3828290445.134,0.0,0.0,0.0,1.0,0.0,0.0,0.0,0.0,0.0,0.0
3828290446.166,0.0,0.0,0.0,1.0,0.0,0.0,0.0,0.0,0.0,0.0
3828290447.166,0.0,0.0,0.0,1.0,0.0,0.0,0.0,0.0,0.0,0.0
3828290448.166,0.0,0.0,0.0,1.0,0.0,0.0,0.0,0.0,0.0,0.0
3828290449.166,0.0,0.0,0.0,1.0,0.0,0.0,0.0,0.0,0.0,0.0
3828290450.166,0.0,0.0,0.0,1.0,0.0,0.0,0.0,0.0,0.0,0.0
3828290451.166,0.0,0.0,0.0,1.0,0.0,0.0,0.0,0.0,0.0,0.0
3828290452.166,0.0,0.0,0.0,1.0,0.0,0.0,0.0,0.0,0.0,0.0
3828290453.166,0.0,0.0,0.0,1.0,0.0,0.0,0.0,0.0,0.0,0.0
3828290454.166,0.0,0.0,0.0,1.0,0.0,0.0,0.0,0.0,0.0,0.0
3828290455.166,0.0,0.0,0.0,1.0,0.0,0.0,0.0,0.0,0.0,0.0
3828290456.116,0.0,0.0,0.0,1.0,0.0,0.0,0.0,0.0,0.0,0.0
3828290457.116,0.0,0.0,0.0,1.0,0.0,0.0,0.0,0.0,0.0,0.0
3828290458.116,0.0,0.0,0.0,1.0,0.0,0.0,0.0,0.0,0.0,0.0
3828290459.116,0.0,0.0,0.0,1.0,0.0,0.0,0.0,0.0,0.0,0.0
3828290460.116,0.0,0.0,0.0,1.0,0.0,0.0,0.0,0.0,0.0,0.0
3828290461.116,0.0,0.0,0.0,1.0,0.0,0.0,0.0,0.0,0.0,0.0
3828290462.116,0.0,0.0,0.0,1.0,0.0,0.0,0.0,0.0,0.0,0.0
3828290463.116,0.0,0.0,0.0,1.0,0.0,0.0,0.0,0.0,0.0,0.0
3828290464.116,0.0,0.0,0.0,1.0,0.0,0.0,0.0,0.0,0.0,0.0
3828290465.116,0.0,0.0,0.0,1.0,0.0,0.0,0.0,0.0,0.0,0.0
3828290466.119,0.0,0.0,0.0,0.0,0.0,0.0,0.0,0.0,0.0,0.0
3828290467.119,0.0,0.0,0.0,0.0,0.0,0.0,0.0,0.0,0.0,0.0
3828290468.119,0.0,0.0,0.0,0.0,0.0,0.0,0.0,0.0,0.0,0.0
3828290469.119,0.0,0.0,0.0,0.0,0.0,0.0,0.0,0.0,0.0,0.0
3828290470.119,0.0,0.0,0.0,0.0,0.0,0.0,0.0,0.0,0.0,0.0
3828290471.119,0.0,0.0,0.0,0.0,0.0,0.0,0.0,0.0,0.0,0.0
3828290472.119,0.0,0.0,0.0,0.0,0.0,0.0,0.0,0.0,0.0,0.0
3828290473.119,0.0,0.0,0.0,0.0,0.0,0.0,0.0,0.0,0.0,0.0
3828290474.119,0.0,0.0,0.0,0.0,0.0,0.0,0.0,0.0,0.0,0.0
3828290475.119,0.0,0.0,0.0,0.0,0.0,0.0,0.0,0.0,0.0,0.0
3828290476.134,0.0,1.0,0.0,0.0,0.0,0.0,0.0,0.0,0.0,0.0
3828290477.134,0.0,1.0,0.0,0.0,0.0,0.0,0.0,0.0,0.0,0.0
3828290478.134,0.0,1.0,0.0,0.0,0.0,0.0,0.0,0.0,0.0,0.0
3828290479.134,0.0,1.0,0.0,0.0,0.0,0.0,0.0,0.0,0.0,0.0
3828290480.134,0.0,1.0,0.0,0.0,0.0,0.0,0.0,0.0,0.0,0.0
3828290481.134,0.0,1.0,0.0,0.0,0.0,0.0,0.0,0.0,0.0,0.0
3828290482.134,0.0,1.0,0.0,0.0,0.0,0.0,0.0,0.0,0.0,0.0
3828290483.134,0.0,1.0,0.0,0.0,0.0,0.0,0.0,0.0,0.0,0.0
3828290484.134,0.0,1.0,0.0,0.0,0.0,0.0,0.0,0.0,0.0,0.0
3828290485.134,0.0,1.0,0.0,0.0,0.0,0.0,0.0,0.0,0.0,0.0
3828290486.135,0.0,0.0,0.0,0.0,0.0,0.0,0.0,0.0,0.0,0.0
3828290487.135,0.0,0.0,0.0,0.0,0.0,0.0,0.0,0.0,0.0,0.0
3828290488.135,0.0,0.0,0.0,0.0,0.0,0.0,0.0,0.0,0.0,0.0
3828290489.135,0.0,0.0,0.0,0.0,0.0,0.0,0.0,0.0,0.0,0.0
3828290490.135,0.0,0.0,0.0,0.0,0.0,0.0,0.0,0.0,0.0,0.0
3828290491.135,0.0,0.0,0.0,0.0,0.0,0.0,0.0,0.0,0.0,0.0
3828290492.135,0.0,0.0,0.0,0.0,0.0,0.0,0.0,0.0,0.0,0.0
3828290493.135,0.0,0.0,0.0,0.0,0.0,0.0,0.0,0.0,0.0,0.0
3828290494.135,0.0,0.0,0.0,0.0,0.0,0.0,0.0,0.0,0.0,0.0
3828290495.135,0.0,0.0,0.0,0.0,0.0,0.0,0.0,0.0,0.0,0.0
3828290496.15,0.0,0.0,0.0,0.0,0.0,0.0,0.0,0.0,0.0,0.0
3828290497.15,0.0,0.0,0.0,0.0,0.0,0.0,0.0,0.0,0.0,0.0
3828290498.15,0.0,0.0,0.0,0.0,0.0,0.0,0.0,0.0,0.0,0.0
3828290499.15,0.0,0.0,0.0,0.0,0.0,0.0,0.0,0.0,0.0,0.0
3828290500.15,0.0,0.0,0.0,0.0,0.0,0.0,0.0,0.0,0.0,0.0
3828290501.15,0.0,0.0,0.0,0.0,0.0,0.0,0.0,0.0,0.0,0.0
3828290502.15,0.0,0.0,0.0,0.0,0.0,0.0,0.0,0.0,0.0,0.0
3828290503.15,0.0,0.0,0.0,0.0,0.0,0.0,0.0,0.0,0.0,0.0
3828290504.15,0.0,0.0,0.0,0.0,0.0,0.0,0.0,0.0,0.0,0.0
3828290505.15,0.0,0.0,0.0,0.0,0.0,0.0,0.0,0.0,0.0,0.0
3828290506.18,0.0,0.0,0.0,0.0,0.0,0.0,0.0,0.0,0.0,0.0
3828290507.18,0.0,0.0,0.0,0.0,0.0,0.0,0.0,0.0,0.0,0.0
3828290508.18,0.0,0.0,0.0,0.0,0.0,0.0,0.0,0.0,0.0,0.0
3828290509.18,0.0,0.0,0.0,0.0,0.0,0.0,0.0,0.0,0.0,0.0
3828290510.18,0.0,0.0,0.0,0.0,0.0,0.0,0.0,0.0,0.0,0.0
3828290511.18,0.0,0.0,0.0,0.0,0.0,0.0,0.0,0.0,0.0,0.0
3828290512.18,0.0,0.0,0.0,0.0,0.0,0.0,0.0,0.0,0.0,0.0
3828290513.18,0.0,0.0,0.0,0.0,0.0,0.0,0.0,0.0,0.0,0.0
3828290514.18,0.0,0.0,0.0,0.0,0.0,0.0,0.0,0.0,0.0,0.0
3828290515.18,0.0,0.0,0.0,0.0,0.0,0.0,0.0,0.0,0.0,0.0
3828290516.152,0.0,0.0,0.0,0.0,0.0,0.0,0.0,0.0,0.0,0.0
3828290517.152,0.0,0.0,0.0,0.0,0.0,0.0,0.0,0.0,0.0,0.0
3828290518.152,0.0,0.0,0.0,0.0,0.0,0.0,0.0,0.0,0.0,0.0
3828290519.152,0.0,0.0,0.0,0.0,0.0,0.0,0.0,0.0,0.0,0.0
3828290520.152,0.0,0.0,0.0,0.0,0.0,0.0,0.0,0.0,0.0,0.0
3828290521.152,0.0,0.0,0.0,0.0,0.0,0.0,0.0,0.0,0.0,0.0
3828290522.152,0.0,0.0,0.0,0.0,0.0,0.0,0.0,0.0,0.0,0.0
3828290523.152,0.0,0.0,0.0,0.0,0.0,0.0,0.0,0.0,0.0,0.0
3828290524.152,0.0,0.0,0.0,0.0,0.0,0.0,0.0,0.0,0.0,0.0
3828290525.152,0.0,0.0,0.0,0.0,0.0,0.0,0.0,0.0,0.0,0.0
3828290526.165,0.0,0.0,0.0,0.0,0.0,0.0,0.0,0.0,0.0,0.0
3828290527.165,0.0,0.0,0.0,0.0,0.0,0.0,0.0,0.0,0.0,0.0
3828290528.165,0.0,0.0,0.0,0.0,0.0,0.0,0.0,0.0,0.0,0.0
3828290529.165,0.0,0.0,0.0,0.0,0.0,0.0,0.0,0.0,0.0,0.0
3828290530.165,0.0,0.0,0.0,0.0,0.0,0.0,0.0,0.0,0.0,0.0
3828290531.165,0.0,0.0,0.0,0.0,0.0,0.0,0.0,0.0,0.0,0.0
3828290532.165,0.0,0.0,0.0,0.0,0.0,0.0,0.0,0.0,0.0,0.0
3828290533.165,0.0,0.0,0.0,0.0,0.0,0.0,0.0,0.0,0.0,0.0
3828290534.165,0.0,0.0,0.0,0.0,0.0,0.0,0.0,0.0,0.0,0.0
3828290535.165,0.0,0.0,0.0,0.0,0.0,0.0,0.0,0.0,0.0,0.0
3828290536.194,0.0,0.0,0.0,0.0,0.0,0.0,0.0,0.0,0.0,0.0
3828290537.194,0.0,0.0,0.0,0.0,0.0,0.0,0.0,0.0,0.0,0.0
3828290538.194,0.0,0.0,0.0,0.0,0.0,0.0,0.0,0.0,0.0,0.0
3828290539.194,0.0,0.0,0.0,0.0,0.0,0.0,0.0,0.0,0.0,0.0
3828290540.194,0.0,0.0,0.0,0.0,0.0,0.0,0.0,0.0,0.0,0.0
3828290541.194,0.0,0.0,0.0,0.0,0.0,0.0,0.0,0.0,0.0,0.0
3828290542.194,0.0,0.0,0.0,0.0,0.0,0.0,0.0,0.0,0.0,0.0
3828290543.194,0.0,0.0,0.0,0.0,0.0,0.0,0.0,0.0,0.0,0.0
3828290544.194,0.0,0.0,0.0,0.0,0.0,0.0,0.0,0.0,0.0,0.0
3828290545.194,0.0,0.0,0.0,0.0,0.0,0.0,0.0,0.0,0.0,0.0
3828290546.15,0.0,0.0,0.0,0.0,0.0,0.0,0.0,0.0,0.0,0.0
3828290547.15,0.0,0.0,0.0,0.0,0.0,0.0,0.0,0.0,0.0,0.0
3828290548.15,0.0,0.0,0.0,0.0,0.0,0.0,0.0,0.0,0.0,0.0
3828290549.15,0.0,0.0,0.0,0.0,0.0,0.0,0.0,0.0,0.0,0.0
3828290550.15,0.0,0.0,0.0,0.0,0.0,0.0,0.0,0.0,0.0,0.0
3828290551.15,0.0,0.0,0.0,0.0,0.0,0.0,0.0,0.0,0.0,0.0
3828290552.15,0.0,0.0,0.0,0.0,0.0,0.0,0.0,0.0,0.0,0.0
3828290553.15,0.0,0.0,0.0,0.0,0.0,0.0,0.0,0.0,0.0,0.0
3828290554.15,0.0,0.0,0.0,0.0,0.0,0.0,0.0,0.0,0.0,0.0
3828290555.15,0.0,0.0,0.0,0.0,0.0,0.0,0.0,0.0,0.0,0.0
3828290556.183,0.0,0.0,0.0,0.0,0.0,0.0,0.0,0.0,0.0,0.0
3828290557.183,0.0,0.0,0.0,0.0,0.0,0.0,0.0,0.0,0.0,0.0
3828290558.183,0.0,0.0,0.0,0.0,0.0,0.0,0.0,0.0,0.0,0.0
3828290559.183,0.0,0.0,0.0,0.0,0.0,0.0,0.0,0.0,0.0,0.0
3828290560.183,0.0,0.0,0.0,0.0,0.0,0.0,0.0,0.0,0.0,0.0
3828290561.183,0.0,0.0,0.0,0.0,0.0,0.0,0.0,0.0,0.0,0.0
3828290562.183,0.0,0.0,0.0,0.0,0.0,0.0,0.0,0.0,0.0,0.0
3828290563.183,0.0,0.0,0.0,0.0,0.0,0.0,0.0,0.0,0.0,0.0
3828290564.183,0.0,0.0,0.0,0.0,0.0,0.0,0.0,0.0,0.0,0.0
3828290565.183,0.0,0.0,0.0,0.0,0.0,0.0,0.0,0.0,0.0,0.0
3828290566.195,0.0,0.0,0.0,0.0,0.0,0.0,0.0,0.0,0.0,0.0
3828290567.195,0.0,0.0,0.0,0.0,0.0,0.0,0.0,0.0,0.0,0.0
3828290568.195,0.0,0.0,0.0,0.0,0.0,0.0,0.0,0.0,0.0,0.0
3828290569.195,0.0,0.0,0.0,0.0,0.0,0.0,0.0,0.0,0.0,0.0
3828290570.195,0.0,0.0,0.0,0.0,0.0,0.0,0.0,0.0,0.0,0.0
3828290571.195,0.0,0.0,0.0,0.0,0.0,0.0,0.0,0.0,0.0,0.0
3828290572.195,0.0,0.0,0.0,0.0,0.0,0.0,0.0,0.0,0.0,0.0
3828290573.195,0.0,0.0,0.0,0.0,0.0,0.0,0.0,0.0,0.0,0.0
3828290574.195,0.0,0.0,0.0,0.0,0.0,0.0,0.0,0.0,0.0,0.0
3828290575.195,0.0,0.0,0.0,0.0,0.0,0.0,0.0,0.0,0.0,0.0
3828290576.228,0.0,0.0,0.0,0.0,0.0,0.0,0.0,0.0,0.0,0.0
3828290577.228,0.0,0.0,0.0,0.0,0.0,0.0,0.0,0.0,0.0,0.0
3828290578.228,0.0,0.0,0.0,0.0,0.0,0.0,0.0,0.0,0.0,0.0
3828290579.228,0.0,0.0,0.0,0.0,0.0,0.0,0.0,0.0,0.0,0.0
3828290580.228,0.0,0.0,0.0,0.0,0.0,0.0,0.0,0.0,0.0,0.0
3828290581.228,0.0,0.0,0.0,0.0,0.0,0.0,0.0,0.0,0.0,0.0
3828290582.228,0.0,0.0,0.0,0.0,0.0,0.0,0.0,0.0,0.0,0.0
3828290583.228,0.0,0.0,0.0,0.0,0.0,0.0,0.0,0.0,0.0,0.0
3828290584.228,0.0,0.0,0.0,0.0,0.0,0.0,0.0,0.0,0.0,0.0
3828290585.228,0.0,0.0,0.0,0.0,0.0,0.0,0.0,0.0,0.0,0.0
3828290586.261,0.0,0.0,0.0,0.0,0.0,0.0,0.0,0.0,0.0,0.0
3828290587.261,0.0,0.0,0.0,0.0,0.0,0.0,0.0,0.0,0.0,0.0
3828290588.261,0.0,0.0,0.0,0.0,0.0,0.0,0.0,0.0,0.0,0.0
3828290589.261,0.0,0.0,0.0,0.0,0.0,0.0,0.0,0.0,0.0,0.0
3828290590.261,0.0,0.0,0.0,0.0,0.0,0.0,0.0,0.0,0.0,0.0
3828290591.261,0.0,0.0,0.0,0.0,0.0,0.0,0.0,0.0,0.0,0.0
3828290592.261,0.0,0.0,0.0,0.0,0.0,0.0,0.0,0.0,0.0,0.0
3828290593.261,0.0,0.0,0.0,0.0,0.0,0.0,0.0,0.0,0.0,0.0
3828290594.261,0.0,0.0,0.0,0.0,0.0,0.0,0.0,0.0,0.0,0.0
3828290595.261,0.0,0.0,0.0,0.0,0.0,0.0,0.0,0.0,0.0,0.0
3828290596.227,0.0,0.0,0.0,0.0,0.0,0.0,0.0,0.0,0.0,0.0
3828290597.227,0.0,0.0,0.0,0.0,0.0,0.0,0.0,0.0,0.0,0.0
3828290598.227,0.0,0.0,0.0,0.0,0.0,0.0,0.0,0.0,0.0,0.0
3828290599.227,0.0,0.0,0.0,0.0,0.0,0.0,0.0,0.0,0.0,0.0
3828290600.227,0.0,0.0,0.0,0.0,0.0,0.0,0.0,0.0,0.0,0.0
3828290601.227,0.0,0.0,0.0,0.0,0.0,0.0,0.0,0.0,0.0,0.0
3828290602.227,0.0,0.0,0.0,0.0,0.0,0.0,0.0,0.0,0.0,0.0
3828290603.227,0.0,0.0,0.0,0.0,0.0,0.0,0.0,0.0,0.0,0.0
3828290604.227,0.0,0.0,0.0,0.0,0.0,0.0,0.0,0.0,0.0,0.0
3828290605.227,0.0,0.0,0.0,0.0,0.0,0.0,0.0,0.0,0.0,0.0
3828290606.245,0.0,0.0,0.0,0.0,0.0,0.0,0.0,0.0,0.0,0.0
3828290607.245,0.0,0.0,0.0,0.0,0.0,0.0,0.0,0.0,0.0,0.0
3828290608.245,0.0,0.0,0.0,0.0,0.0,0.0,0.0,0.0,0.0,0.0
3828290609.245,0.0,0.0,0.0,0.0,0.0,0.0,0.0,0.0,0.0,0.0
3828290610.245,0.0,0.0,0.0,0.0,0.0,0.0,0.0,0.0,0.0,0.0
3828290611.245,0.0,0.0,0.0,0.0,0.0,0.0,0.0,0.0,0.0,0.0
3828290612.245,0.0,0.0,0.0,0.0,0.0,0.0,0.0,0.0,0.0,0.0
3828290613.245,0.0,0.0,0.0,0.0,0.0,0.0,0.0,0.0,0.0,0.0
3828290614.245,0.0,0.0,0.0,0.0,0.0,0.0,0.0,0.0,0.0,0.0
3828290615.245,0.0,0.0,0.0,0.0,0.0,0.0,0.0,0.0,0.0,0.0
3828290616.193,0.0,0.0,0.0,0.0,0.0,0.0,0.0,0.0,0.0,0.0
3828290617.193,0.0,0.0,0.0,0.0,0.0,0.0,0.0,0.0,0.0,0.0
3828290618.193,0.0,0.0,0.0,0.0,0.0,0.0,0.0,0.0,0.0,0.0
3828290619.193,0.0,0.0,0.0,0.0,0.0,0.0,0.0,0.0,0.0,0.0
3828290620.193,0.0,0.0,0.0,0.0,0.0,0.0,0.0,0.0,0.0,0.0
3828290621.193,0.0,0.0,0.0,0.0,0.0,0.0,0.0,0.0,0.0,0.0
3828290622.193,0.0,0.0,0.0,0.0,0.0,0.0,0.0,0.0,0.0,0.0
3828290623.193,0.0,0.0,0.0,0.0,0.0,0.0,0.0,0.0,0.0,0.0
3828290624.193,0.0,0.0,0.0,0.0,0.0,0.0,0.0,0.0,0.0,0.0
3828290625.193,0.0,0.0,0.0,0.0,0.0,0.0,0.0,0.0,0.0,0.0
3828290626.149,0.0,0.0,0.0,0.0,0.0,0.0,0.0,0.0,0.0,0.0
3828290627.149,0.0,0.0,0.0,0.0,0.0,0.0,0.0,0.0,0.0,0.0
3828290628.149,0.0,0.0,0.0,0.0,0.0,0.0,0.0,0.0,0.0,0.0
3828290629.149,0.0,0.0,0.0,0.0,0.0,0.0,0.0,0.0,0.0,0.0
3828290630.149,0.0,0.0,0.0,0.0,0.0,0.0,0.0,0.0,0.0,0.0
3828290631.149,0.0,0.0,0.0,0.0,0.0,0.0,0.0,0.0,0.0,0.0
3828290632.149,0.0,0.0,0.0,0.0,0.0,0.0,0.0,0.0,0.0,0.0
3828290633.149,0.0,0.0,0.0,0.0,0.0,0.0,0.0,0.0,0.0,0.0
3828290634.149,0.0,0.0,0.0,0.0,0.0,0.0,0.0,0.0,0.0,0.0
3828290635.149,0.0,0.0,0.0,0.0,0.0,0.0,0.0,0.0,0.0,0.0
3828290636.168,0.0,0.0,0.0,0.0,0.0,0.0,0.0,0.0,0.0,0.0
3828290637.168,0.0,0.0,0.0,0.0,0.0,0.0,0.0,0.0,0.0,0.0
3828290638.168,0.0,0.0,0.0,0.0,0.0,0.0,0.0,0.0,0.0,0.0
3828290639.168,0.0,0.0,0.0,0.0,0.0,0.0,0.0,0.0,0.0,0.0
3828290640.168,0.0,0.0,0.0,0.0,0.0,0.0,0.0,0.0,0.0,0.0
3828290641.168,0.0,0.0,0.0,0.0,0.0,0.0,0.0,0.0,0.0,0.0
3828290642.168,0.0,0.0,0.0,0.0,0.0,0.0,0.0,0.0,0.0,0.0
3828290643.168,0.0,0.0,0.0,0.0,0.0,0.0,0.0,0.0,0.0,0.0
3828290644.168,0.0,0.0,0.0,0.0,0.0,0.0,0.0,0.0,0.0,0.0
3828290645.168,0.0,0.0,0.0,0.0,0.0,0.0,0.0,0.0,0.0,0.0
3828290646.24,0.0,0.0,0.0,0.0,0.0,0.0,0.0,0.0,0.0,0.0
3828290647.24,0.0,0.0,0.0,0.0,0.0,0.0,0.0,0.0,0.0,0.0
3828290648.24,0.0,0.0,0.0,0.0,0.0,0.0,0.0,0.0,0.0,0.0
3828290649.24,0.0,0.0,0.0,0.0,0.0,0.0,0.0,0.0,0.0,0.0
3828290650.24,0.0,0.0,0.0,0.0,0.0,0.0,0.0,0.0,0.0,0.0
3828290651.24,0.0,0.0,0.0,0.0,0.0,0.0,0.0,0.0,0.0,0.0
3828290652.24,0.0,0.0,0.0,0.0,0.0,0.0,0.0,0.0,0.0,0.0
3828290653.24,0.0,0.0,0.0,0.0,0.0,0.0,0.0,0.0,0.0,0.0
3828290654.24,0.0,0.0,0.0,0.0,0.0,0.0,0.0,0.0,0.0,0.0
3828290655.24,0.0,0.0,0.0,0.0,0.0,0.0,0.0,0.0,0.0,0.0
3828290656.303,0.0,0.0,0.0,0.0,0.0,0.0,0.0,0.0,0.0,0.0
3828290657.303,0.0,0.0,0.0,0.0,0.0,0.0,0.0,0.0,0.0,0.0
3828290658.303,0.0,0.0,0.0,0.0,0.0,0.0,0.0,0.0,0.0,0.0
3828290659.303,0.0,0.0,0.0,0.0,0.0,0.0,0.0,0.0,0.0,0.0
3828290660.303,0.0,0.0,0.0,0.0,0.0,0.0,0.0,0.0,0.0,0.0
3828290661.303,0.0,0.0,0.0,0.0,0.0,0.0,0.0,0.0,0.0,0.0
3828290662.303,0.0,0.0,0.0,0.0,0.0,0.0,0.0,0.0,0.0,0.0
3828290663.303,0.0,0.0,0.0,0.0,0.0,0.0,0.0,0.0,0.0,0.0
3828290664.303,0.0,0.0,0.0,0.0,0.0,0.0,0.0,0.0,0.0,0.0
3828290665.303,0.0,0.0,0.0,0.0,0.0,0.0,0.0,0.0,0.0,0.0
3828290666.302,0.0,0.0,0.0,0.0,0.0,0.0,0.0,0.0,0.0,0.0
3828290667.302,0.0,0.0,0.0,0.0,0.0,0.0,0.0,0.0,0.0,0.0
3828290668.302,0.0,0.0,0.0,0.0,0.0,0.0,0.0,0.0,0.0,0.0
3828290669.302,0.0,0.0,0.0,0.0,0.0,0.0,0.0,0.0,0.0,0.0
3828290670.302,0.0,0.0,0.0,0.0,0.0,0.0,0.0,0.0,0.0,0.0
3828290671.302,0.0,0.0,0.0,0.0,0.0,0.0,0.0,0.0,0.0,0.0
3828290672.302,0.0,0.0,0.0,0.0,0.0,0.0,0.0,0.0,0.0,0.0
3828290673.302,0.0,0.0,0.0,0.0,0.0,0.0,0.0,0.0,0.0,0.0
3828290674.302,0.0,0.0,0.0,0.0,0.0,0.0,0.0,0.0,0.0,0.0
3828290675.302,0.0,0.0,0.0,0.0,0.0,0.0,0.0,0.0,0.0,0.0
3828290676.272,0.0,0.0,0.0,0.0,0.0,0.0,0.0,0.0,0.0,0.0
3828290677.272,0.0,0.0,0.0,0.0,0.0,0.0,0.0,0.0,0.0,0.0
3828290678.272,0.0,0.0,0.0,0.0,0.0,0.0,0.0,0.0,0.0,0.0
3828290679.272,0.0,0.0,0.0,0.0,0.0,0.0,0.0,0.0,0.0,0.0
3828290680.272,0.0,0.0,0.0,0.0,0.0,0.0,0.0,0.0,0.0,0.0
3828290681.272,0.0,0.0,0.0,0.0,0.0,0.0,0.0,0.0,0.0,0.0
3828290682.272,0.0,0.0,0.0,0.0,0.0,0.0,0.0,0.0,0.0,0.0
3828290683.272,0.0,0.0,0.0,0.0,0.0,0.0,0.0,0.0,0.0,0.0
3828290684.272,0.0,0.0,0.0,0.0,0.0,0.0,0.0,0.0,0.0,0.0
3828290685.272,0.0,0.0,0.0,0.0,0.0,0.0,0.0,0.0,0.0,0.0
3828290686.3,0.0,0.0,0.0,0.0,0.0,0.0,0.0,0.0,0.0,0.0
3828290687.3,0.0,0.0,0.0,0.0,0.0,0.0,0.0,0.0,0.0,0.0
3828290688.3,0.0,0.0,0.0,0.0,0.0,0.0,0.0,0.0,0.0,0.0
3828290689.3,0.0,0.0,0.0,0.0,0.0,0.0,0.0,0.0,0.0,0.0
3828290690.3,0.0,0.0,0.0,0.0,0.0,0.0,0.0,0.0,0.0,0.0
3828290691.3,0.0,0.0,0.0,0.0,0.0,0.0,0.0,0.0,0.0,0.0
3828290692.3,0.0,0.0,0.0,0.0,0.0,0.0,0.0,0.0,0.0,0.0
3828290693.3,0.0,0.0,0.0,0.0,0.0,0.0,0.0,0.0,0.0,0.0
3828290694.3,0.0,0.0,0.0,0.0,0.0,0.0,0.0,0.0,0.0,0.0
3828290695.3,0.0,0.0,0.0,0.0,0.0,0.0,0.0,0.0,0.0,0.0
3828290696.279,0.0,0.0,0.0,0.0,0.0,0.0,0.0,0.0,0.0,0.0
3828290697.279,0.0,0.0,0.0,0.0,0.0,0.0,0.0,0.0,0.0,0.0
3828290698.279,0.0,0.0,0.0,0.0,0.0,0.0,0.0,0.0,0.0,0.0
3828290699.279,0.0,0.0,0.0,0.0,0.0,0.0,0.0,0.0,0.0,0.0
3828290700.279,0.0,0.0,0.0,0.0,0.0,0.0,0.0,0.0,0.0,0.0
3828290701.279,0.0,0.0,0.0,0.0,0.0,0.0,0.0,0.0,0.0,0.0
3828290702.279,0.0,0.0,0.0,0.0,0.0,0.0,0.0,0.0,0.0,0.0
3828290703.279,0.0,0.0,0.0,0.0,0.0,0.0,0.0,0.0,0.0,0.0
3828290704.279,0.0,0.0,0.0,0.0,0.0,0.0,0.0,0.0,0.0,0.0
3828290705.279,0.0,0.0,0.0,0.0,0.0,0.0,0.0,0.0,0.0,0.0
3828290706.319,0.0,1.0,0.0,0.0,0.0,0.0,0.0,0.0,0.0,0.0
3828290707.319,0.0,1.0,0.0,0.0,0.0,0.0,0.0,0.0,0.0,0.0
3828290708.319,0.0,1.0,0.0,0.0,0.0,0.0,0.0,0.0,0.0,0.0
3828290709.319,0.0,1.0,0.0,0.0,0.0,0.0,0.0,0.0,0.0,0.0
3828290710.319,0.0,1.0,0.0,0.0,0.0,0.0,0.0,0.0,0.0,0.0
3828290711.319,0.0,1.0,0.0,0.0,0.0,0.0,0.0,0.0,0.0,0.0
3828290712.319,0.0,1.0,0.0,0.0,0.0,0.0,0.0,0.0,0.0,0.0
3828290713.319,0.0,1.0,0.0,0.0,0.0,0.0,0.0,0.0,0.0,0.0
3828290714.319,0.0,1.0,0.0,0.0,0.0,0.0,0.0,0.0,0.0,0.0
3828290715.319,0.0,1.0,0.0,0.0,0.0,0.0,0.0,0.0,0.0,0.0
3828290716.29,0.0,1.0,0.0,0.0,0.0,0.0,0.0,0.0,0.0,0.0
3828290717.29,0.0,1.0,0.0,0.0,0.0,0.0,0.0,0.0,0.0,0.0
3828290718.29,0.0,1.0,0.0,0.0,0.0,0.0,0.0,0.0,0.0,0.0
3828290719.29,0.0,1.0,0.0,0.0,0.0,0.0,0.0,0.0,0.0,0.0
3828290720.29,0.0,1.0,0.0,0.0,0.0,0.0,0.0,0.0,0.0,0.0
3828290721.29,0.0,1.0,0.0,0.0,0.0,0.0,0.0,0.0,0.0,0.0
3828290722.29,0.0,1.0,0.0,0.0,0.0,0.0,0.0,0.0,0.0,0.0
3828290723.29,0.0,1.0,0.0,0.0,0.0,0.0,0.0,0.0,0.0,0.0
3828290724.29,0.0,1.0,0.0,0.0,0.0,0.0,0.0,0.0,0.0,0.0
3828290725.29,0.0,1.0,0.0,0.0,0.0,0.0,0.0,0.0,0.0,0.0
3828290726.265,0.0,1.0,0.0,0.0,0.0,0.0,0.0,0.0,0.0,0.0
3828290727.265,0.0,1.0,0.0,0.0,0.0,0.0,0.0,0.0,0.0,0.0
3828290728.265,0.0,1.0,0.0,0.0,0.0,0.0,0.0,0.0,0.0,0.0
3828290729.265,0.0,1.0,0.0,0.0,0.0,0.0,0.0,0.0,0.0,0.0
3828290730.265,0.0,1.0,0.0,0.0,0.0,0.0,0.0,0.0,0.0,0.0
3828290731.265,0.0,1.0,0.0,0.0,0.0,0.0,0.0,0.0,0.0,0.0
3828290732.265,0.0,1.0,0.0,0.0,0.0,0.0,0.0,0.0,0.0,0.0
3828290733.265,0.0,1.0,0.0,0.0,0.0,0.0,0.0,0.0,0.0,0.0
3828290734.265,0.0,1.0,0.0,0.0,0.0,0.0,0.0,0.0,0.0,0.0
3828290735.265,0.0,1.0,0.0,0.0,0.0,0.0,0.0,0.0,0.0,0.0
3828290736.305,0.0,1.0,0.0,0.0,0.0,0.0,0.0,0.0,0.0,0.0
3828290737.305,0.0,1.0,0.0,0.0,0.0,0.0,0.0,0.0,0.0,0.0
3828290738.305,0.0,1.0,0.0,0.0,0.0,0.0,0.0,0.0,0.0,0.0
3828290739.305,0.0,1.0,0.0,0.0,0.0,0.0,0.0,0.0,0.0,0.0
3828290740.305,0.0,1.0,0.0,0.0,0.0,0.0,0.0,0.0,0.0,0.0
3828290741.305,0.0,1.0,0.0,0.0,0.0,0.0,0.0,0.0,0.0,0.0
3828290742.305,0.0,1.0,0.0,0.0,0.0,0.0,0.0,0.0,0.0,0.0
3828290743.305,0.0,1.0,0.0,0.0,0.0,0.0,0.0,0.0,0.0,0.0
3828290744.305,0.0,1.0,0.0,0.0,0.0,0.0,0.0,0.0,0.0,0.0
3828290745.305,0.0,1.0,0.0,0.0,0.0,0.0,0.0,0.0,0.0,0.0
3828290746.318,0.0,1.0,0.0,0.0,0.0,0.0,0.0,0.0,0.0,0.0
3828290747.318,0.0,1.0,0.0,0.0,0.0,0.0,0.0,0.0,0.0,0.0
3828290748.318,0.0,1.0,0.0,0.0,0.0,0.0,0.0,0.0,0.0,0.0
3828290749.318,0.0,1.0,0.0,0.0,0.0,0.0,0.0,0.0,0.0,0.0
3828290750.318,0.0,1.0,0.0,0.0,0.0,0.0,0.0,0.0,0.0,0.0
3828290751.318,0.0,1.0,0.0,0.0,0.0,0.0,0.0,0.0,0.0,0.0
3828290752.318,0.0,1.0,0.0,0.0,0.0,0.0,0.0,0.0,0.0,0.0
3828290753.318,0.0,1.0,0.0,0.0,0.0,0.0,0.0,0.0,0.0,0.0
3828290754.318,0.0,1.0,0.0,0.0,0.0,0.0,0.0,0.0,0.0,0.0
3828290755.318,0.0,1.0,0.0,0.0,0.0,0.0,0.0,0.0,0.0,0.0
3828290756.321,0.0,1.0,1.0,0.0,0.0,0.0,0.0,0.0,0.0,0.0
3828290757.321,0.0,1.0,1.0,0.0,0.0,0.0,0.0,0.0,0.0,0.0
3828290758.321,0.0,1.0,1.0,0.0,0.0,0.0,0.0,0.0,0.0,0.0
3828290759.321,0.0,1.0,1.0,0.0,0.0,0.0,0.0,0.0,0.0,0.0
3828290760.321,0.0,1.0,1.0,0.0,0.0,0.0,0.0,0.0,0.0,0.0
3828290761.321,0.0,1.0,1.0,0.0,0.0,0.0,0.0,0.0,0.0,0.0
3828290762.321,0.0,1.0,1.0,0.0,0.0,0.0,0.0,0.0,0.0,0.0
3828290763.321,0.0,1.0,1.0,0.0,0.0,0.0,0.0,0.0,0.0,0.0
3828290764.321,0.0,1.0,1.0,0.0,0.0,0.0,0.0,0.0,0.0,0.0
3828290765.321,0.0,1.0,1.0,0.0,0.0,0.0,0.0,0.0,0.0,0.0
3828290766.258,0.0,1.0,1.0,0.0,0.0,0.0,0.0,0.0,0.0,0.0
3828290767.258,0.0,1.0,1.0,0.0,0.0,0.0,0.0,0.0,0.0,0.0
3828290768.258,0.0,1.0,1.0,0.0,0.0,0.0,0.0,0.0,0.0,0.0
3828290769.258,0.0,1.0,1.0,0.0,0.0,0.0,0.0,0.0,0.0,0.0
3828290770.258,0.0,1.0,1.0,0.0,0.0,0.0,0.0,0.0,0.0,0.0
3828290771.258,0.0,1.0,1.0,0.0,0.0,0.0,0.0,0.0,0.0,0.0
3828290772.258,0.0,1.0,1.0,0.0,0.0,0.0,0.0,0.0,0.0,0.0
3828290773.258,0.0,1.0,1.0,0.0,0.0,0.0,0.0,0.0,0.0,0.0
3828290774.258,0.0,1.0,1.0,0.0,0.0,0.0,0.0,0.0,0.0,0.0
3828290775.258,0.0,1.0,1.0,0.0,0.0,0.0,0.0,0.0,0.0,0.0
3828290776.198,0.0,1.0,1.0,0.0,0.0,0.0,0.0,0.0,0.0,0.0
3828290777.198,0.0,1.0,1.0,0.0,0.0,0.0,0.0,0.0,0.0,0.0
3828290778.198,0.0,1.0,1.0,0.0,0.0,0.0,0.0,0.0,0.0,0.0
3828290779.198,0.0,1.0,1.0,0.0,0.0,0.0,0.0,0.0,0.0,0.0
3828290780.198,0.0,1.0,1.0,0.0,0.0,0.0,0.0,0.0,0.0,0.0
3828290781.198,0.0,1.0,1.0,0.0,0.0,0.0,0.0,0.0,0.0,0.0
3828290782.198,0.0,1.0,1.0,0.0,0.0,0.0,0.0,0.0,0.0,0.0
3828290783.198,0.0,1.0,1.0,0.0,0.0,0.0,0.0,0.0,0.0,0.0
3828290784.198,0.0,1.0,1.0,0.0,0.0,0.0,0.0,0.0,0.0,0.0
3828290785.198,0.0,1.0,1.0,0.0,0.0,0.0,0.0,0.0,0.0,0.0
3828290786.132,0.0,1.0,1.0,0.0,0.0,0.0,0.0,0.0,0.0,0.0
3828290787.132,0.0,1.0,1.0,0.0,0.0,0.0,0.0,0.0,0.0,0.0
3828290788.132,0.0,1.0,1.0,0.0,0.0,0.0,0.0,0.0,0.0,0.0
3828290789.132,0.0,1.0,1.0,0.0,0.0,0.0,0.0,0.0,0.0,0.0
3828290790.132,0.0,1.0,1.0,0.0,0.0,0.0,0.0,0.0,0.0,0.0
3828290791.132,0.0,1.0,1.0,0.0,0.0,0.0,0.0,0.0,0.0,0.0
3828290792.132,0.0,1.0,1.0,0.0,0.0,0.0,0.0,0.0,0.0,0.0
3828290793.132,0.0,1.0,1.0,0.0,0.0,0.0,0.0,0.0,0.0,0.0
3828290794.132,0.0,1.0,1.0,0.0,0.0,0.0,0.0,0.0,0.0,0.0
3828290795.132,0.0,1.0,1.0,0.0,0.0,0.0,0.0,0.0,0.0,0.0
3828290796.101,0.0,1.0,1.0,0.0,0.0,0.0,0.0,0.0,0.0,0.0
3828290797.101,0.0,1.0,1.0,0.0,0.0,0.0,0.0,0.0,0.0,0.0
3828290798.101,0.0,1.0,1.0,0.0,0.0,0.0,0.0,0.0,0.0,0.0
3828290799.101,0.0,1.0,1.0,0.0,0.0,0.0,0.0,0.0,0.0,0.0
3828290800.101,0.0,1.0,1.0,0.0,0.0,0.0,0.0,0.0,0.0,0.0
3828290801.101,0.0,1.0,1.0,0.0,0.0,0.0,0.0,0.0,0.0,0.0
3828290802.101,0.0,1.0,1.0,0.0,0.0,0.0,0.0,0.0,0.0,0.0
3828290803.101,0.0,1.0,1.0,0.0,0.0,0.0,0.0,0.0,0.0,0.0
3828290804.101,0.0,1.0,1.0,0.0,0.0,0.0,0.0,0.0,0.0,0.0
3828290805.101,0.0,1.0,1.0,0.0,0.0,0.0,0.0,0.0,0.0,0.0
3828290806.059,0.0,1.0,1.0,0.0,0.0,0.0,0.0,0.0,0.0,0.0
3828290807.059,0.0,1.0,1.0,0.0,0.0,0.0,0.0,0.0,0.0,0.0
3828290808.059,0.0,1.0,1.0,0.0,0.0,0.0,0.0,0.0,0.0,0.0
3828290809.059,0.0,1.0,1.0,0.0,0.0,0.0,0.0,0.0,0.0,0.0
3828290810.059,0.0,1.0,1.0,0.0,0.0,0.0,0.0,0.0,0.0,0.0
3828290811.059,0.0,1.0,1.0,0.0,0.0,0.0,0.0,0.0,0.0,0.0
3828290812.059,0.0,1.0,1.0,0.0,0.0,0.0,0.0,0.0,0.0,0.0
3828290813.059,0.0,1.0,1.0,0.0,0.0,0.0,0.0,0.0,0.0,0.0
3828290814.059,0.0,1.0,1.0,0.0,0.0,0.0,0.0,0.0,0.0,0.0
3828290815.059,0.0,1.0,1.0,0.0,0.0,0.0,0.0,0.0,0.0,0.0
3828290816.055,0.0,1.0,1.0,0.0,0.0,0.0,0.0,0.0,0.0,0.0
3828290817.055,0.0,1.0,1.0,0.0,0.0,0.0,0.0,0.0,0.0,0.0
3828290818.055,0.0,1.0,1.0,0.0,0.0,0.0,0.0,0.0,0.0,0.0
3828290819.055,0.0,1.0,1.0,0.0,0.0,0.0,0.0,0.0,0.0,0.0
3828290820.055,0.0,1.0,1.0,0.0,0.0,0.0,0.0,0.0,0.0,0.0
3828290821.055,0.0,1.0,1.0,0.0,0.0,0.0,0.0,0.0,0.0,0.0
3828290822.055,0.0,1.0,1.0,0.0,0.0,0.0,0.0,0.0,0.0,0.0
3828290823.055,0.0,1.0,1.0,0.0,0.0,0.0,0.0,0.0,0.0,0.0
3828290824.055,0.0,1.0,1.0,0.0,0.0,0.0,0.0,0.0,0.0,0.0
3828290825.055,0.0,1.0,1.0,0.0,0.0,0.0,0.0,0.0,0.0,0.0
3828290826.062,0.0,1.0,1.0,0.0,0.0,0.0,0.0,0.0,0.0,0.0
3828290827.062,0.0,1.0,1.0,0.0,0.0,0.0,0.0,0.0,0.0,0.0
3828290828.062,0.0,1.0,1.0,0.0,0.0,0.0,0.0,0.0,0.0,0.0
3828290829.062,0.0,1.0,1.0,0.0,0.0,0.0,0.0,0.0,0.0,0.0
3828290830.062,0.0,1.0,1.0,0.0,0.0,0.0,0.0,0.0,0.0,0.0
3828290831.062,0.0,1.0,1.0,0.0,0.0,0.0,0.0,0.0,0.0,0.0
3828290832.062,0.0,1.0,1.0,0.0,0.0,0.0,0.0,0.0,0.0,0.0
3828290833.062,0.0,1.0,1.0,0.0,0.0,0.0,0.0,0.0,0.0,0.0
3828290834.062,0.0,1.0,1.0,0.0,0.0,0.0,0.0,0.0,0.0,0.0
3828290835.062,0.0,1.0,1.0,0.0,0.0,0.0,0.0,0.0,0.0,0.0
3828290836.042,0.0,1.0,1.0,0.0,0.0,0.0,0.0,0.0,0.0,0.0
3828290837.042,0.0,1.0,1.0,0.0,0.0,0.0,0.0,0.0,0.0,0.0
3828290838.042,0.0,1.0,1.0,0.0,0.0,0.0,0.0,0.0,0.0,0.0
3828290839.042,0.0,1.0,1.0,0.0,0.0,0.0,0.0,0.0,0.0,0.0
3828290840.042,0.0,1.0,1.0,0.0,0.0,0.0,0.0,0.0,0.0,0.0
3828290841.042,0.0,1.0,1.0,0.0,0.0,0.0,0.0,0.0,0.0,0.0
3828290842.042,0.0,1.0,1.0,0.0,0.0,0.0,0.0,0.0,0.0,0.0
3828290843.042,0.0,1.0,1.0,0.0,0.0,0.0,0.0,0.0,0.0,0.0
3828290844.042,0.0,1.0,1.0,0.0,0.0,0.0,0.0,0.0,0.0,0.0
3828290845.042,0.0,1.0,1.0,0.0,0.0,0.0,0.0,0.0,0.0,0.0
3828290845.991,0.0,1.0,1.0,0.0,0.0,0.0,0.0,0.0,0.0,0.0
3828290846.991,0.0,1.0,1.0,0.0,0.0,0.0,0.0,0.0,0.0,0.0
3828290847.991,0.0,1.0,1.0,0.0,0.0,0.0,0.0,0.0,0.0,0.0
3828290848.991,0.0,1.0,1.0,0.0,0.0,0.0,0.0,0.0,0.0,0.0
3828290849.991,0.0,1.0,1.0,0.0,0.0,0.0,0.0,0.0,0.0,0.0
3828290850.991,0.0,1.0,1.0,0.0,0.0,0.0,0.0,0.0,0.0,0.0
3828290851.991,0.0,1.0,1.0,0.0,0.0,0.0,0.0,0.0,0.0,0.0
3828290852.991,0.0,1.0,1.0,0.0,0.0,0.0,0.0,0.0,0.0,0.0
3828290853.991,0.0,1.0,1.0,0.0,0.0,0.0,0.0,0.0,0.0,0.0
3828290854.991,0.0,1.0,1.0,0.0,0.0,0.0,0.0,0.0,0.0,0.0
3828290856.051,0.0,1.0,1.0,0.0,0.0,0.0,0.0,0.0,0.0,0.0
3828290857.051,0.0,1.0,1.0,0.0,0.0,0.0,0.0,0.0,0.0,0.0
3828290858.051,0.0,1.0,1.0,0.0,0.0,0.0,0.0,0.0,0.0,0.0
3828290859.051,0.0,1.0,1.0,0.0,0.0,0.0,0.0,0.0,0.0,0.0
3828290860.051,0.0,1.0,1.0,0.0,0.0,0.0,0.0,0.0,0.0,0.0
3828290861.051,0.0,1.0,1.0,0.0,0.0,0.0,0.0,0.0,0.0,0.0
3828290862.051,0.0,1.0,1.0,0.0,0.0,0.0,0.0,0.0,0.0,0.0
3828290863.051,0.0,1.0,1.0,0.0,0.0,0.0,0.0,0.0,0.0,0.0
3828290864.051,0.0,1.0,1.0,0.0,0.0,0.0,0.0,0.0,0.0,0.0
3828290865.051,0.0,1.0,1.0,0.0,0.0,0.0,0.0,0.0,0.0,0.0
3828290866.103,0.0,1.0,1.0,0.0,0.0,0.0,0.0,0.0,0.0,0.0
3828290867.103,0.0,1.0,1.0,0.0,0.0,0.0,0.0,0.0,0.0,0.0
3828290868.103,0.0,1.0,1.0,0.0,0.0,0.0,0.0,0.0,0.0,0.0
3828290869.103,0.0,1.0,1.0,0.0,0.0,0.0,0.0,0.0,0.0,0.0
3828290870.103,0.0,1.0,1.0,0.0,0.0,0.0,0.0,0.0,0.0,0.0
3828290871.103,0.0,1.0,1.0,0.0,0.0,0.0,0.0,0.0,0.0,0.0
3828290872.103,0.0,1.0,1.0,0.0,0.0,0.0,0.0,0.0,0.0,0.0
3828290873.103,0.0,1.0,1.0,0.0,0.0,0.0,0.0,0.0,0.0,0.0
3828290874.103,0.0,1.0,1.0,0.0,0.0,0.0,0.0,0.0,0.0,0.0
3828290875.103,0.0,1.0,1.0,0.0,0.0,0.0,0.0,0.0,0.0,0.0
3828290876.061,0.0,1.0,1.0,1.0,1.0,0.0,0.0,1.0,0.0,1.0
3828290877.061,0.0,1.0,1.0,1.0,1.0,0.0,0.0,1.0,0.0,1.0
3828290878.061,0.0,1.0,1.0,1.0,1.0,0.0,0.0,1.0,0.0,1.0
3828290879.061,0.0,1.0,1.0,1.0,1.0,0.0,0.0,1.0,0.0,1.0
3828290880.061,0.0,1.0,1.0,1.0,1.0,0.0,0.0,1.0,0.0,1.0
3828290881.061,0.0,1.0,1.0,1.0,1.0,0.0,0.0,1.0,0.0,1.0
3828290882.061,0.0,1.0,1.0,1.0,1.0,0.0,0.0,1.0,0.0,1.0
3828290883.061,0.0,1.0,1.0,1.0,1.0,0.0,0.0,1.0,0.0,1.0
3828290884.061,0.0,1.0,1.0,1.0,1.0,0.0,0.0,1.0,0.0,1.0
3828290885.061,0.0,1.0,1.0,1.0,1.0,0.0,0.0,1.0,0.0,1.0
3828290886.091,0.0,1.0,1.0,1.0,1.0,0.0,0.0,1.0,0.0,1.0
3828290887.091,0.0,1.0,1.0,1.0,1.0,0.0,0.0,1.0,0.0,1.0
3828290888.091,0.0,1.0,1.0,1.0,1.0,0.0,0.0,1.0,0.0,1.0
3828290889.091,0.0,1.0,1.0,1.0,1.0,0.0,0.0,1.0,0.0,1.0
3828290890.091,0.0,1.0,1.0,1.0,1.0,0.0,0.0,1.0,0.0,1.0
3828290891.091,0.0,1.0,1.0,1.0,1.0,0.0,0.0,1.0,0.0,1.0
3828290892.091,0.0,1.0,1.0,1.0,1.0,0.0,0.0,1.0,0.0,1.0
3828290893.091,0.0,1.0,1.0,1.0,1.0,0.0,0.0,1.0,0.0,1.0
3828290894.091,0.0,1.0,1.0,1.0,1.0,0.0,0.0,1.0,0.0,1.0
3828290895.091,0.0,1.0,1.0,1.0,1.0,0.0,0.0,1.0,0.0,1.0
3828290896.083,0.0,1.0,1.0,1.0,1.0,0.0,0.0,1.0,0.0,1.0
3828290897.083,0.0,1.0,1.0,1.0,1.0,0.0,0.0,1.0,0.0,1.0
3828290898.083,0.0,1.0,1.0,1.0,1.0,0.0,0.0,1.0,0.0,1.0
3828290899.083,0.0,1.0,1.0,1.0,1.0,0.0,0.0,1.0,0.0,1.0
3828290900.083,0.0,1.0,1.0,1.0,1.0,0.0,0.0,1.0,0.0,1.0
3828290901.083,0.0,1.0,1.0,1.0,1.0,0.0,0.0,1.0,0.0,1.0
3828290902.083,0.0,1.0,1.0,1.0,1.0,0.0,0.0,1.0,0.0,1.0
3828290903.083,0.0,1.0,1.0,1.0,1.0,0.0,0.0,1.0,0.0,1.0
3828290904.083,0.0,1.0,1.0,1.0,1.0,0.0,0.0,1.0,0.0,1.0
3828290905.083,0.0,1.0,1.0,1.0,1.0,0.0,0.0,1.0,0.0,1.0
3828290906.143,0.0,1.0,1.0,1.0,1.0,0.0,0.0,1.0,0.0,1.0
3828290907.143,0.0,1.0,1.0,1.0,1.0,0.0,0.0,1.0,0.0,1.0
3828290908.143,0.0,1.0,1.0,1.0,1.0,0.0,0.0,1.0,0.0,1.0
3828290909.143,0.0,1.0,1.0,1.0,1.0,0.0,0.0,1.0,0.0,1.0
3828290910.143,0.0,1.0,1.0,1.0,1.0,0.0,0.0,1.0,0.0,1.0
3828290911.143,0.0,1.0,1.0,1.0,1.0,0.0,0.0,1.0,0.0,1.0
3828290912.143,0.0,1.0,1.0,1.0,1.0,0.0,0.0,1.0,0.0,1.0
3828290913.143,0.0,1.0,1.0,1.0,1.0,0.0,0.0,1.0,0.0,1.0
3828290914.143,0.0,1.0,1.0,1.0,1.0,0.0,0.0,1.0,0.0,1.0
3828290915.143,0.0,1.0,1.0,1.0,1.0,0.0,0.0,1.0,0.0,1.0
3828290916.125,0.0,1.0,1.0,1.0,1.0,0.0,0.0,1.0,0.0,1.0
3828290917.125,0.0,1.0,1.0,1.0,1.0,0.0,0.0,1.0,0.0,1.0
3828290918.125,0.0,1.0,1.0,1.0,1.0,0.0,0.0,1.0,0.0,1.0
3828290919.125,0.0,1.0,1.0,1.0,1.0,0.0,0.0,1.0,0.0,1.0
3828290920.125,0.0,1.0,1.0,1.0,1.0,0.0,0.0,1.0,0.0,1.0
3828290921.125,0.0,1.0,1.0,1.0,1.0,0.0,0.0,1.0,0.0,1.0
3828290922.125,0.0,1.0,1.0,1.0,1.0,0.0,0.0,1.0,0.0,1.0
3828290923.125,0.0,1.0,1.0,1.0,1.0,0.0,0.0,1.0,0.0,1.0
3828290924.125,0.0,1.0,1.0,1.0,1.0,0.0,0.0,1.0,0.0,1.0
3828290925.125,0.0,1.0,1.0,1.0,1.0,0.0,0.0,1.0,0.0,1.0
3828290926.163,1.0,1.0,1.0,1.0,1.0,0.0,0.0,1.0,0.0,1.0
3828290927.163,1.0,1.0,1.0,1.0,1.0,0.0,0.0,1.0,0.0,1.0
3828290928.163,1.0,1.0,1.0,1.0,1.0,0.0,0.0,1.0,0.0,1.0
3828290929.163,1.0,1.0,1.0,1.0,1.0,0.0,0.0,1.0,0.0,1.0
3828290930.163,1.0,1.0,1.0,1.0,1.0,0.0,0.0,1.0,0.0,1.0
3828290931.163,1.0,1.0,1.0,1.0,1.0,0.0,0.0,1.0,0.0,1.0
3828290932.163,1.0,1.0,1.0,1.0,1.0,0.0,0.0,1.0,0.0,1.0
3828290933.163,1.0,1.0,1.0,1.0,1.0,0.0,0.0,1.0,0.0,1.0
3828290934.163,1.0,1.0,1.0,1.0,1.0,0.0,0.0,1.0,0.0,1.0
3828290935.163,1.0,1.0,1.0,1.0,1.0,0.0,0.0,1.0,0.0,1.0
3828290936.204,1.0,1.0,1.0,1.0,1.0,0.0,0.0,1.0,0.0,1.0
3828290937.204,1.0,1.0,1.0,1.0,1.0,0.0,0.0,1.0,0.0,1.0
3828290938.204,1.0,1.0,1.0,1.0,1.0,0.0,0.0,1.0,0.0,1.0
3828290939.204,1.0,1.0,1.0,1.0,1.0,0.0,0.0,1.0,0.0,1.0
3828290940.204,1.0,1.0,1.0,1.0,1.0,0.0,0.0,1.0,0.0,1.0
3828290941.204,1.0,1.0,1.0,1.0,1.0,0.0,0.0,1.0,0.0,1.0
3828290942.204,1.0,1.0,1.0,1.0,1.0,0.0,0.0,1.0,0.0,1.0
3828290943.204,1.0,1.0,1.0,1.0,1.0,0.0,0.0,1.0,0.0,1.0
3828290944.204,1.0,1.0,1.0,1.0,1.0,0.0,0.0,1.0,0.0,1.0
3828290945.204,1.0,1.0,1.0,1.0,1.0,0.0,0.0,1.0,0.0,1.0
3828290946.193,1.0,1.0,1.0,1.0,1.0,0.0,0.0,1.0,0.0,1.0
3828290947.193,1.0,1.0,1.0,1.0,1.0,0.0,0.0,1.0,0.0,1.0
3828290948.193,1.0,1.0,1.0,1.0,1.0,0.0,0.0,1.0,0.0,1.0
3828290949.193,1.0,1.0,1.0,1.0,1.0,0.0,0.0,1.0,0.0,1.0
3828290950.193,1.0,1.0,1.0,1.0,1.0,0.0,0.0,1.0,0.0,1.0
3828290951.193,1.0,1.0,1.0,1.0,1.0,0.0,0.0,1.0,0.0,1.0
3828290952.193,1.0,1.0,1.0,1.0,1.0,0.0,0.0,1.0,0.0,1.0
3828290953.193,1.0,1.0,1.0,1.0,1.0,0.0,0.0,1.0,0.0,1.0
3828290954.193,1.0,1.0,1.0,1.0,1.0,0.0,0.0,1.0,0.0,1.0
3828290955.193,1.0,1.0,1.0,1.0,1.0,0.0,0.0,1.0,0.0,1.0
3828290956.242,1.0,1.0,1.0,1.0,1.0,0.0,0.0,1.0,0.0,1.0
3828290957.242,1.0,1.0,1.0,1.0,1.0,0.0,0.0,1.0,0.0,1.0
3828290958.242,1.0,1.0,1.0,1.0,1.0,0.0,0.0,1.0,0.0,1.0
3828290959.242,1.0,1.0,1.0,1.0,1.0,0.0,0.0,1.0,0.0,1.0
3828290960.242,1.0,1.0,1.0,1.0,1.0,0.0,0.0,1.0,0.0,1.0
3828290961.242,1.0,1.0,1.0,1.0,1.0,0.0,0.0,1.0,0.0,1.0
3828290962.242,1.0,1.0,1.0,1.0,1.0,0.0,0.0,1.0,0.0,1.0
3828290963.242,1.0,1.0,1.0,1.0,1.0,0.0,0.0,1.0,0.0,1.0
3828290964.242,1.0,1.0,1.0,1.0,1.0,0.0,0.0,1.0,0.0,1.0
3828290965.242,1.0,1.0,1.0,1.0,1.0,0.0,0.0,1.0,0.0,1.0
3828290966.188,1.0,1.0,1.0,1.0,1.0,0.0,0.0,1.0,0.0,1.0
3828290967.188,1.0,1.0,1.0,1.0,1.0,0.0,0.0,1.0,0.0,1.0
3828290968.188,1.0,1.0,1.0,1.0,1.0,0.0,0.0,1.0,0.0,1.0
3828290969.188,1.0,1.0,1.0,1.0,1.0,0.0,0.0,1.0,0.0,1.0
3828290970.188,1.0,1.0,1.0,1.0,1.0,0.0,0.0,1.0,0.0,1.0
3828290971.188,1.0,1.0,1.0,1.0,1.0,0.0,0.0,1.0,0.0,1.0
3828290972.188,1.0,1.0,1.0,1.0,1.0,0.0,0.0,1.0,0.0,1.0
3828290973.188,1.0,1.0,1.0,1.0,1.0,0.0,0.0,1.0,0.0,1.0
3828290974.188,1.0,1.0,1.0,1.0,1.0,0.0,0.0,1.0,0.0,1.0
3828290975.188,1.0,1.0,1.0,1.0,1.0,0.0,0.0,1.0,0.0,1.0
3828290976.186,1.0,1.0,1.0,1.0,1.0,0.0,0.0,1.0,0.0,1.0
3828290977.186,1.0,1.0,1.0,1.0,1.0,0.0,0.0,1.0,0.0,1.0
3828290978.186,1.0,1.0,1.0,1.0,1.0,0.0,0.0,1.0,0.0,1.0
3828290979.186,1.0,1.0,1.0,1.0,1.0,0.0,0.0,1.0,0.0,1.0
3828290980.186,1.0,1.0,1.0,1.0,1.0,0.0,0.0,1.0,0.0,1.0
3828290981.186,1.0,1.0,1.0,1.0,1.0,0.0,0.0,1.0,0.0,1.0
3828290982.186,1.0,1.0,1.0,1.0,1.0,0.0,0.0,1.0,0.0,1.0
3828290983.186,1.0,1.0,1.0,1.0,1.0,0.0,0.0,1.0,0.0,1.0
3828290984.186,1.0,1.0,1.0,1.0,1.0,0.0,0.0,1.0,0.0,1.0
3828290985.186,1.0,1.0,1.0,1.0,1.0,0.0,0.0,1.0,0.0,1.0
3828290986.218,1.0,1.0,1.0,1.0,1.0,0.0,0.0,1.0,0.0,1.0
3828290987.218,1.0,1.0,1.0,1.0,1.0,0.0,0.0,1.0,0.0,1.0
3828290988.218,1.0,1.0,1.0,1.0,1.0,0.0,0.0,1.0,0.0,1.0
3828290989.218,1.0,1.0,1.0,1.0,1.0,0.0,0.0,1.0,0.0,1.0
3828290990.218,1.0,1.0,1.0,1.0,1.0,0.0,0.0,1.0,0.0,1.0
3828290991.218,1.0,1.0,1.0,1.0,1.0,0.0,0.0,1.0,0.0,1.0
3828290992.218,1.0,1.0,1.0,1.0,1.0,0.0,0.0,1.0,0.0,1.0
3828290993.218,1.0,1.0,1.0,1.0,1.0,0.0,0.0,1.0,0.0,1.0
3828290994.218,1.0,1.0,1.0,1.0,1.0,0.0,0.0,1.0,0.0,1.0
3828290995.218,1.0,1.0,1.0,1.0,1.0,0.0,0.0,1.0,0.0,1.0
3828290996.225,1.0,1.0,1.0,1.0,1.0,0.0,0.0,1.0,0.0,1.0
3828290997.225,1.0,1.0,1.0,1.0,1.0,0.0,0.0,1.0,0.0,1.0
3828290998.225,1.0,1.0,1.0,1.0,1.0,0.0,0.0,1.0,0.0,1.0
3828290999.225,1.0,1.0,1.0,1.0,1.0,0.0,0.0,1.0,0.0,1.0
3828291000.225,1.0,1.0,1.0,1.0,1.0,0.0,0.0,1.0,0.0,1.0
3828291001.225,1.0,1.0,1.0,1.0,1.0,0.0,0.0,1.0,0.0,1.0
3828291002.225,1.0,1.0,1.0,1.0,1.0,0.0,0.0,1.0,0.0,1.0
3828291003.225,1.0,1.0,1.0,1.0,1.0,0.0,0.0,1.0,0.0,1.0
3828291004.225,1.0,1.0,1.0,1.0,1.0,0.0,0.0,1.0,0.0,1.0
3828291005.225,1.0,1.0,1.0,1.0,1.0,0.0,0.0,1.0,0.0,1.0
3828291006.178,1.0,1.0,1.0,1.0,1.0,0.0,0.0,1.0,0.0,1.0
3828291007.178,1.0,1.0,1.0,1.0,1.0,0.0,0.0,1.0,0.0,1.0
3828291008.178,1.0,1.0,1.0,1.0,1.0,0.0,0.0,1.0,0.0,1.0
3828291009.178,1.0,1.0,1.0,1.0,1.0,0.0,0.0,1.0,0.0,1.0
3828291010.178,1.0,1.0,1.0,1.0,1.0,0.0,0.0,1.0,0.0,1.0
3828291011.178,1.0,1.0,1.0,1.0,1.0,0.0,0.0,1.0,0.0,1.0
3828291012.178,1.0,1.0,1.0,1.0,1.0,0.0,0.0,1.0,0.0,1.0
3828291013.178,1.0,1.0,1.0,1.0,1.0,0.0,0.0,1.0,0.0,1.0
3828291014.178,1.0,1.0,1.0,1.0,1.0,0.0,0.0,1.0,0.0,1.0
3828291015.178,1.0,1.0,1.0,1.0,1.0,0.0,0.0,1.0,0.0,1.0
3828291016.15,1.0,1.0,1.0,1.0,1.0,1.0,0.0,1.0,1.0,1.0
3828291017.15,1.0,1.0,1.0,1.0,1.0,1.0,0.0,1.0,1.0,1.0
3828291018.15,1.0,1.0,1.0,1.0,1.0,1.0,0.0,1.0,1.0,1.0
3828291019.15,1.0,1.0,1.0,1.0,1.0,1.0,0.0,1.0,1.0,1.0
3828291020.15,1.0,1.0,1.0,1.0,1.0,1.0,0.0,1.0,1.0,1.0
3828291021.15,1.0,1.0,1.0,1.0,1.0,1.0,0.0,1.0,1.0,1.0
3828291022.15,1.0,1.0,1.0,1.0,1.0,1.0,0.0,1.0,1.0,1.0
3828291023.15,1.0,1.0,1.0,1.0,1.0,1.0,0.0,1.0,1.0,1.0
3828291024.15,1.0,1.0,1.0,1.0,1.0,1.0,0.0,1.0,1.0,1.0
3828291025.15,1.0,1.0,1.0,1.0,1.0,1.0,0.0,1.0,1.0,1.0
